n,S,mean,size,linear,unanimous
1,-2.0,-0.8045977011494253,348,-0.5,True
1,-1.0,-0.30413223140495865,605,-0.25,True
1,0.0,-0.0014197115743854144,13383,0.0,False
1,1.0,0.3933933933933934,666,0.25,True
1,2.0,0.6900369003690037,271,0.5,True
2,-4.0,-1.3211678832116789,137,-0.8,True
2,-2.0,-0.4110429447852761,489,-0.4,True
2,-1.0,-0.08955223880597014,536,-0.2,False
2,0.0,0.007868913164228846,10802,0.0,False
2,1.0,0.15084745762711865,590,0.2,False
2,2.0,0.4179431072210066,457,0.4,True
3,-3.0,-0.564935064935065,154,-0.5,True
3,-2.0,-0.18133333333333335,375,-0.3333333333333333,False
3,-1.0,-0.08365758754863813,514,-0.16666666666666666,False
3,0.0,0.004147517094496133,8921,0.0,False
3,1.0,0.11129568106312292,602,0.16666666666666666,False
3,2.0,0.20652173913043478,368,0.3333333333333333,False
3,3.0,0.8,170,0.5,True
4,-4.0,-0.59375,128,-0.5714285714285714,True
4,-3.0,-0.3137254901960784,102,-0.42857142857142855,False
4,-2.0,-0.08533333333333333,375,-0.2857142857142857,False
4,-1.0,-0.03232323232323232,495,-0.14285714285714285,False
4,0.0,0.0030108115505679484,7307,0.0,False
4,1.0,0.07850467289719626,535,0.14285714285714285,False
4,2.0,0.14202898550724638,345,0.2857142857142857,False
4,4.0,0.6790123456790124,162,0.5714285714285714,True
5,-2.0,-0.08033240997229917,361,-0.25,False
5,-1.0,-0.04175365344467641,479,-0.125,False
5,0.0,0.006046355391333557,5954,0.0,False
5,1.0,0.04007633587786259,524,0.125,False
5,2.0,0.08529411764705883,340,0.25,False
