row,manual_label
169422,"Right direction, too cautious to show"
185935,"Right direction, too few steps"
148240,"Lone dissent, no signal anywhere"
150686,"Right direction, too cautious to show"
174451,"Lone dissent, no signal anywhere"
172960,"New route, no community evidence"
153728,"Lone dissent, no signal anywhere"
166556,"Right direction, too cautious to show"
177549,"Right direction, too cautious to show"
171668,"Right direction, too few steps"
164395,"Lone dissent, no signal anywhere"
170879,"Right direction, too cautious to show"
183251,"New route, no community evidence"
126911,"Right direction, too cautious to show"
90614,"Right direction, too cautious to show"
117907,"New route, no community evidence"
78209,"New route, no community evidence"
183832,"New route, no community evidence"
164151,"Right direction, too few steps"
84292,"New route, no community evidence"
181081,"Right direction, too cautious to show"
173649,"Right direction, too cautious to show"
183639,"New route, no community evidence"
123345,"New route, no community evidence"
172533,"Right direction, too cautious to show"
175745,"Lone dissent, no signal anywhere"
171198,"Right direction, too cautious to show"
185206,"Right direction, too few steps"
135863,"Lone dissent, no signal anywhere"
47922,"Right direction, too cautious to show"
157031,"Right direction, too cautious to show"
155451,Evidence pointed the other way
170117,"Right direction, too cautious to show"
183641,"Lone dissent, no signal anywhere"
170180,"Right direction, too few steps"
146647,"New route, no community evidence"
173002,"Right direction, too cautious to show"
169330,"New route, no community evidence"
126884,"Lone dissent, no signal anywhere"
143726,"Right direction, too few steps"
167684,"Lone dissent, no signal anywhere"
175667,"Right direction, too cautious to show"
181347,Evidence pointed the other way
151679,"New route, no community evidence"
134014,"Lone dissent, no signal anywhere"
173967,"New route, no community evidence"
104524,"Right direction, too few steps"
91348,"Lone dissent, no signal anywhere"
90860,"New route, no community evidence"
108412,Evidence pointed the other way
164210,"Lone dissent, no signal anywhere"
164168,"Lone dissent, no signal anywhere"
61020,"Right direction, too cautious to show"
92967,"Lone dissent, no signal anywhere"
30099,"Lone dissent, no signal anywhere"
153937,"Right direction, too cautious to show"
165343,"Right direction, too cautious to show"
95814,"Right direction, too cautious to show"
173835,"Right direction, too cautious to show"
161881,"Right direction, too cautious to show"
124303,"Right direction, too cautious to show"
167922,"New route, no community evidence"
120944,"Lone dissent, no signal anywhere"
69541,"Lone dissent, no signal anywhere"
90199,"New route, no community evidence"
144592,"Lone dissent, no signal anywhere"
177787,"New route, no community evidence"
94317,"Right direction, too cautious to show"
113149,"Right direction, too cautious to show"
61855,"Right direction, too few steps"
182457,"New route, no community evidence"
90009,"Right direction, too cautious to show"
173647,"Right direction, too few steps"
118169,"New route, no community evidence"
181865,"Right direction, too cautious to show"
184397,"New route, no community evidence"
119902,"Lone dissent, no signal anywhere"
114569,"Lone dissent, no signal anywhere"
154617,"Lone dissent, no signal anywhere"
137409,"Right direction, too cautious to show"
177695,"Early dissent, confirmed later"
95975,"Lone dissent, no signal anywhere"
12728,"Early dissent, confirmed later"
184762,"Right direction, too cautious to show"
114157,"Right direction, too cautious to show"
154867,"Right direction, too cautious to show"
164207,"Lone dissent, no signal anywhere"
158035,"New route, no community evidence"
184085,"Right direction, too few steps"
185284,"Right direction, too few steps"
142302,"Right direction, too cautious to show"
183247,"New route, no community evidence"
181445,"Right direction, too few steps"
119781,"Right direction, too cautious to show"
170470,"New route, no community evidence"
128697,"Lone dissent, no signal anywhere"
177697,"Lone dissent, no signal anywhere"
169167,"Lone dissent, no signal anywhere"
157239,"Right direction, too cautious to show"
177160,"Right direction, too cautious to show"
