row,user_id,route_id,setter,date,grade_id,dev,pred,pred_display,u,u_kept,n_climber,n_route,route_prior_mean,route_same_dir_prior,route_same_dir_later,route_n_later,climber_same_dir_rate,cause
169422,44689,59674,37417,2019-11-24 00:00:00,17,-1.0,-0.1424307843742644,-0.0,0.07421747371901959,True,360,9,-0.2222222222222222,1.0,0.0,2.0,0.027777777777777776,"Right direction, too cautious to show"
185935,59485,63655,66603,2019-12-30 21:24:10,12,-2.0,-1.1486610952019416,-1.0,-0.035737741805104126,False,172,6,-1.6666666666666667,5.0,0.0,0.0,0.05232558139534884,"Right direction, too few steps"
148240,88226,51762,83006,2019-10-08 10:09:59,20,1.0,0.0017025133667132458,0.0,0.02885155865226364,True,470,1,0.0,0.0,0.0,1.0,0.06170212765957447,"Lone dissent, no signal anywhere"
150686,112083,50665,97324,2019-10-14 12:38:39,14,1.0,0.1625979247503204,0.0,0.15188533536719462,True,17,4,0.0,0.0,0.0,0.0,0.35294117647058826,"Right direction, too cautious to show"
174451,15222,60157,20278,2019-12-03 19:44:17,10,2.0,-0.11227683620350122,-0.0,-0.11364341266256851,True,56,3,0.0,0.0,0.0,8.0,0.17857142857142858,Evidence pointed the other way
172960,87388,59955,120160,2019-12-01 14:09:26,17,1.0,-0.043123706313740934,-0.0,-0.0018965177976411783,False,46,0,0.0,0.0,1.0,1.0,0.0,"New route, no community evidence"
153728,15209,55952,81680,2019-10-21 18:02:55,18,-1.0,-0.02520506158215014,-0.0,0.015196625331366311,False,117,1,0.0,0.0,0.0,3.0,0.1111111111111111,"Right direction, too cautious to show"
166556,15209,60130,81680,2019-11-18 21:19:55,15,-1.0,-0.25398173480217195,-0.0,0.013203758031148666,False,123,1,-1.0,1.0,3.0,5.0,0.12195121951219512,"Right direction, too cautious to show"
177549,145181,62423,20278,2019-12-10 09:51:18,18,1.0,0.19651466990970773,0.0,0.009121712715876872,False,65,3,0.3333333333333333,1.0,0.0,4.0,0.015384615384615385,"Right direction, too cautious to show"
171668,139759,60989,139551,2019-11-28 16:58:11,17,-2.0,-1.127988098117033,-1.0,-0.2117043332138883,True,63,2,-2.0,2.0,8.0,8.0,0.3968253968253968,"Right direction, too few steps"
164395,108172,59424,59023,2019-11-14 16:11:36,10,-1.0,0.023455944331648,0.0,0.021778353188117272,False,51,1,0.0,0.0,0.0,17.0,0.0196078431372549,"Lone dissent, no signal anywhere"
170879,82214,60130,81680,2019-11-27 00:00:00,15,-1.0,-0.38817471723287156,-0.0,0.06148884922478834,True,97,6,-0.6666666666666666,4.0,0.0,0.0,0.1134020618556701,"Right direction, too cautious to show"
183251,95033,64088,87541,2019-12-22 11:36:33,16,-1.0,-0.07635299759314253,-0.0,-0.044512496414227186,False,85,0,0.0,0.0,0.0,0.0,0.09411764705882353,"New route, no community evidence"
126911,48941,47847,91567,2019-08-10 10:27:29,13,-1.0,-0.3090769268516221,-0.0,-0.36717100898892857,True,70,0,0.0,0.0,0.0,1.0,0.5571428571428572,"New route, no community evidence"
90614,94587,38280,89289,2019-04-26 05:38:11,12,1.0,0.08954204376017205,0.0,0.08579344342988428,True,48,4,0.0,0.0,1.0,19.0,0.3125,"Right direction, too cautious to show"
117907,80138,46332,123585,2019-07-13 20:52:23,12,-1.0,0.08456220281560346,0.0,0.032667221129062084,False,199,0,0.0,0.0,0.0,2.0,0.02512562814070352,"New route, no community evidence"
78209,37163,35964,35109,2019-03-24 16:40:19,17,-2.0,-0.049459696668651146,-0.0,0.035178544708315475,False,29,0,0.0,0.0,2.0,21.0,0.034482758620689655,"New route, no community evidence"
183832,114198,64630,42946,2019-12-23 21:14:49,11,-1.0,0.16330480116655813,0.0,0.05169761023922583,False,74,0,0.0,0.0,1.0,1.0,0.02702702702702703,"New route, no community evidence"
164151,102331,54463,65681,2019-11-14 00:00:00,16,2.0,0.7473234380309418,1.0,-0.04604586553592767,True,200,2,2.0,2.0,0.0,2.0,0.02,"Right direction, too few steps"
84292,108926,37340,70297,2019-04-07 21:17:30,14,1.0,0.03585388943557649,0.0,0.0028560358298687608,False,16,0,0.0,0.0,0.0,5.0,0.0,"New route, no community evidence"
181081,61433,63515,59023,2019-12-17 21:06:04,20,-1.0,-0.3302609571084005,-0.0,-0.2549752140082246,True,229,0,0.0,0.0,0.0,0.0,0.22270742358078602,"New route, no community evidence"
173649,39980,62026,76973,2019-12-02 16:11:26,8,2.0,0.422882011075163,0.0,0.0033129467828550423,False,127,2,1.0,1.0,0.0,3.0,0.09448818897637795,"Right direction, too cautious to show"
183639,12130,62665,106966,2019-12-23 09:27:34,21,1.0,-0.04412617163114802,-0.0,-0.008304761894972668,False,65,0,0.0,0.0,0.0,0.0,0.09230769230769231,"New route, no community evidence"
123345,103219,47753,103219,2019-07-30 23:20:17,13,-1.0,0.007252453206759308,0.0,-0.01748343536979014,False,124,0,0.0,0.0,0.0,11.0,0.056451612903225805,"New route, no community evidence"
172533,59485,58989,71304,2019-11-30 14:59:43,14,-1.0,-0.3689167091612138,-0.0,-0.026159379464002833,False,150,3,-0.6666666666666666,2.0,0.0,2.0,0.02666666666666667,"Right direction, too cautious to show"
175745,60479,49029,56344,2019-12-06 00:00:00,14,1.0,-0.032079536998714624,-0.0,-0.029763000930426428,False,110,3,0.0,0.0,0.0,0.0,0.12727272727272726,Other
171198,105867,61537,659,2019-11-27 20:26:14,13,-1.0,-0.29410636835496706,-0.0,-0.003866264672327331,False,102,1,-1.0,1.0,0.0,2.0,0.0392156862745098,"Right direction, too cautious to show"
185206,126693,62541,116826,2019-12-28 23:00:00,19,-2.0,-1.2520936936041782,-1.0,-0.010817931008307722,False,58,6,-1.8333333333333333,6.0,0.0,0.0,0.034482758620689655,"Right direction, too few steps"
135863,50885,26375,71304,2019-09-05 20:53:18,12,-2.0,-0.018745015817794922,-0.0,-0.014369073082159858,False,31,10,0.0,0.0,0.0,7.0,0.0,"Lone dissent, no signal anywhere"
47922,99164,29969,71442,2019-01-17 19:50:37,6,1.0,0.2646821082416579,0.0,-0.021605105624540374,False,39,1,1.0,1.0,6.0,6.0,0.1282051282051282,"Right direction, too cautious to show"
157031,82211,58101,82215,2019-10-30 00:00:00,19,-1.0,-0.3835662008911303,-0.0,-0.07546113890832401,True,142,1,-1.0,1.0,2.0,3.0,0.14084507042253522,"Right direction, too cautious to show"
155451,102679,57083,109218,2019-10-25 20:48:09,16,-1.0,0.2186994302954905,0.0,0.0008035107179286472,False,99,2,0.5,0.0,0.0,4.0,0.020202020202020204,"Lone dissent, no signal anywhere"
170117,28263,59616,128128,2019-11-25 21:22:26,14,1.0,0.19513865011408815,0.0,0.20763876775010406,True,119,3,0.0,0.0,0.0,0.0,0.24369747899159663,"Right direction, too cautious to show"
183641,12130,60238,106966,2019-12-23 09:28:00,17,-1.0,0.02598080315638862,0.0,0.010895418022504046,False,67,1,0.0,0.0,0.0,0.0,0.08955223880597014,"Lone dissent, no signal anywhere"
170180,71943,52275,92074,2019-11-25 22:27:11,8,2.0,0.6719968156963052,1.0,0.5888892721754349,True,307,3,0.0,0.0,0.0,2.0,0.49185667752442996,"Right direction, too few steps"
146647,56628,54582,62910,2019-10-03 18:30:21,20,-2.0,-0.015542162087288397,-0.0,-0.01356667317429175,False,111,0,0.0,0.0,0.0,0.0,0.018018018018018018,"New route, no community evidence"
173002,88060,59829,81641,2019-12-01 15:46:22,14,1.0,0.10053907601986276,0.0,-0.006916655487367883,False,57,5,0.2,1.0,0.0,1.0,0.017543859649122806,"Right direction, too cautious to show"
169330,77384,60971,103219,2019-11-23 22:58:52,6,1.0,-0.005848934946671033,-0.0,-0.08806853546578894,True,135,0,0.0,0.0,1.0,1.0,0.044444444444444446,"New route, no community evidence"
126884,49373,41483,92226,2019-08-10 08:50:28,15,-1.0,0.06585039963159425,0.0,0.042592535967208356,False,104,7,0.0,0.0,0.0,2.0,0.08653846153846154,"Lone dissent, no signal anywhere"
143726,46796,50871,82299,2019-09-26 15:48:02,10,3.0,1.4004462362952936,1.0,-0.04701426919325162,True,304,4,2.5,4.0,1.0,7.0,0.0,"Right direction, too few steps"
167684,102134,60602,62910,2019-11-20 21:28:54,13,-2.0,-0.012447039369314416,-0.0,-0.05565691982641593,True,285,1,0.0,0.0,0.0,3.0,0.0912280701754386,"Lone dissent, no signal anywhere"
175667,23606,59652,72763,2019-12-06 00:00:00,17,1.0,0.15671879383260878,0.0,0.20546776759868288,True,121,5,0.0,0.0,1.0,1.0,0.23140495867768596,"Early dissent, confirmed later"
181347,128381,63934,105446,2019-12-18 09:27:40,6,1.0,-0.4084586877639639,-0.0,-0.019382892122821946,False,39,1,-1.0,0.0,0.0,2.0,0.02564102564102564,"Lone dissent, no signal anywhere"
151679,113520,55712,89289,2019-10-16 16:06:59,15,-1.0,-0.012252705015420742,-0.0,-0.011081643191149534,False,169,0,0.0,0.0,0.0,23.0,0.029585798816568046,"New route, no community evidence"
134014,88226,50112,81643,2019-09-01 00:00:00,19,1.0,-0.02455939993528245,-0.0,0.017947790712439297,False,403,1,0.0,0.0,0.0,1.0,0.05459057071960298,"Lone dissent, no signal anywhere"
173967,57739,62175,70815,2019-12-03 00:00:00,8,-2.0,-0.07715889720542621,-0.0,-0.12428644806880437,True,200,0,0.0,0.0,1.0,3.0,0.155,"New route, no community evidence"
104524,92039,41361,76774,2019-06-03 19:50:16,16,-2.0,-0.654089408796663,-1.0,0.0158385865461232,False,55,3,-1.3333333333333333,2.0,0.0,7.0,0.05454545454545454,"Right direction, too few steps"
91348,98611,26459,57680,2019-04-28 18:23:31,15,1.0,-0.016642343174804355,-0.0,0.036593287859281065,False,39,1,0.0,0.0,0.0,1.0,0.15384615384615385,Other
90860,97961,38641,37430,2019-04-26 22:50:13,22,-1.0,-0.11406756153324846,-0.0,-0.01743765900174681,False,31,0,0.0,0.0,2.0,8.0,0.03225806451612903,"New route, no community evidence"
108412,71087,40533,87145,2019-06-14 22:41:12,13,-3.0,0.06408710184415266,0.0,-0.11147007124263399,True,36,5,0.4,0.0,0.0,4.0,0.1388888888888889,Evidence pointed the other way
164210,68641,52080,139551,2019-11-14 00:15:09,13,2.0,0.008515433136232374,0.0,0.06114843570897281,True,88,5,0.0,0.0,0.0,0.0,0.11363636363636363,"Right direction, too cautious to show"
164168,6749,51503,64627,2019-11-14 00:00:00,10,-2.0,-0.003694927092392518,-0.0,-0.02611666393831865,False,147,3,0.0,0.0,0.0,2.0,0.061224489795918366,"Lone dissent, no signal anywhere"
61020,89752,31822,79145,2019-02-14 00:00:00,11,1.0,0.4207139387257123,0.0,0.17802324300319844,True,41,2,0.5,1.0,0.0,3.0,0.34146341463414637,"Right direction, too cautious to show"
92967,105601,35595,82647,2019-05-02 22:44:46,12,-1.0,0.030234928302068902,0.0,0.03214179134377365,False,34,24,0.0,0.0,0.0,10.0,0.058823529411764705,"Lone dissent, no signal anywhere"
30099,88547,18754,82619,2018-11-30 20:33:09,10,1.0,-0.04782754285159282,-0.0,-0.1136773792485497,True,17,13,0.07692307692307693,1.0,1.0,14.0,0.17647058823529413,Evidence pointed the other way
153937,97938,55089,96985,2019-10-22 00:00:00,10,1.0,0.22709777329378333,0.0,-0.021718324543170384,False,67,2,0.5,1.0,4.0,6.0,0.05970149253731343,"Right direction, too cautious to show"
165343,79478,59720,87535,2019-11-16 00:05:19,18,-1.0,-0.20608950256580533,-0.0,-0.1501806027065028,True,25,1,0.0,0.0,0.0,1.0,0.4,"Right direction, too cautious to show"
95814,63831,39695,63831,2019-05-10 09:12:59,6,-1.0,-0.2695862274194956,-0.0,-0.24165421806034545,True,57,1,0.0,0.0,0.0,8.0,0.3157894736842105,"Right direction, too cautious to show"
173835,130479,49147,121163,2019-12-02 21:16:11,13,-1.0,-0.42566219416603024,-0.0,-0.028788406492723517,False,59,10,-0.5,6.0,2.0,2.0,0.05084745762711865,"Right direction, too cautious to show"
161881,21812,52957,7246,2019-11-09 00:00:00,15,-1.0,-0.42432489633757664,-0.0,0.01962723795656001,False,90,2,-1.0,2.0,0.0,2.0,0.05555555555555555,"Right direction, too cautious to show"
124303,53856,41660,66603,2019-08-02 00:00:00,17,1.0,0.19495989080331344,0.0,-0.017314942055871158,False,92,9,0.3333333333333333,5.0,3.0,8.0,0.010869565217391304,"Right direction, too cautious to show"
167922,43245,59688,59651,2019-11-21 00:00:00,15,1.0,-0.11202408026074623,-0.0,0.022770830919047125,False,145,0,0.0,0.0,0.0,0.0,0.06896551724137931,"New route, no community evidence"
120944,123864,45428,80418,2019-07-22 16:11:27,14,1.0,0.0020413614229005256,0.0,-0.012529100168925684,False,20,4,0.0,0.0,0.0,7.0,0.0,"Lone dissent, no signal anywhere"
69541,92903,30471,11059,2019-03-05 12:14:04,14,1.0,0.050110173142444425,0.0,0.049018202556223564,False,114,9,0.0,0.0,0.0,3.0,0.06140350877192982,"Lone dissent, no signal anywhere"
90199,108734,38304,108170,2019-04-24 22:57:16,10,-2.0,-0.05811764848510893,-0.0,-0.01738789851902757,False,28,0,0.0,0.0,1.0,14.0,0.21428571428571427,"New route, no community evidence"
144592,44988,53871,100870,2019-09-29 00:00:00,13,1.0,0.004419145596174688,0.0,0.002477494531543586,False,325,3,0.0,0.0,0.0,5.0,0.003076923076923077,"Lone dissent, no signal anywhere"
177787,87346,52460,85027,2019-12-10 23:06:58,16,1.0,-0.06131704242755372,-0.0,-0.027454084453786037,False,135,0,0.0,0.0,0.0,1.0,0.07407407407407407,"New route, no community evidence"
94317,107221,38213,37417,2019-05-06 16:39:18,14,-1.0,-0.48590767267730417,-0.0,-0.060953713375803756,True,75,4,-0.75,3.0,1.0,8.0,0.04,"Right direction, too cautious to show"
113149,92893,43010,66386,2019-06-30 00:00:00,14,-1.0,-0.3244647931567476,-0.0,-0.05673312562173138,False,71,1,-1.0,1.0,2.0,7.0,0.11267605633802817,"Right direction, too cautious to show"
61855,93923,32863,62909,2019-02-15 23:25:55,14,-3.0,-1.4800623031177136,-1.0,-0.028632475239140483,False,89,4,-2.5,4.0,2.0,18.0,0.0449438202247191,"Right direction, too few steps"
182457,62645,64510,66603,2019-12-20 20:04:52,8,-2.0,0.053815765465978785,0.0,-0.0038335371680754053,False,182,0,0.0,0.0,0.0,4.0,0.13736263736263737,"New route, no community evidence"
90009,10899,36558,84997,2019-04-24 15:26:11,14,1.0,0.46067109719473887,0.0,-0.028084288991576736,False,77,3,1.0,3.0,2.0,3.0,0.012987012987012988,"Right direction, too cautious to show"
173647,39980,62029,20124,2019-12-02 16:11:02,10,2.0,0.5193431558942478,1.0,-0.009775712625086414,False,125,1,2.0,1.0,0.0,3.0,0.08,"Right direction, too few steps"
118169,39279,46256,35109,2019-07-14 17:00:03,14,-1.0,-0.0722280687855135,-0.0,-0.020878789313438045,False,43,0,0.0,0.0,0.0,11.0,0.11627906976744186,"New route, no community evidence"
181865,143093,56941,129969,2019-12-19 09:00:00,12,2.0,0.44986264969781065,0.0,-0.006154239660785717,False,23,10,0.6,3.0,0.0,0.0,0.0,"Right direction, too cautious to show"
184397,124868,63847,116806,2019-12-26 12:10:16,10,-2.0,0.07723912565398254,0.0,-0.009908576936558106,False,48,0,0.0,0.0,0.0,0.0,0.041666666666666664,"New route, no community evidence"
119902,103219,45142,103219,2019-07-19 18:44:03,17,1.0,-0.02920466692667048,-0.0,-0.026431922341782595,False,121,1,0.0,0.0,0.0,1.0,0.06611570247933884,"Lone dissent, no signal anywhere"
114569,66065,44995,38787,2019-07-04 14:32:39,10,1.0,0.016022698464794698,0.0,0.014871213839523086,False,112,7,0.0,0.0,0.0,6.0,0.026785714285714284,"Lone dissent, no signal anywhere"
154617,81768,32242,108344,2019-10-23 17:51:15,6,2.0,0.04043544703522744,0.0,0.03799156005389892,True,307,5,0.0,0.0,0.0,1.0,0.10749185667752444,"Right direction, too cautious to show"
137409,131213,39461,37417,2019-09-09 19:37:07,6,2.0,0.24376108745919206,0.0,0.00043100085067591265,False,36,13,0.3076923076923077,2.0,1.0,1.0,0.027777777777777776,"Right direction, too cautious to show"
177695,15222,62545,20278,2019-12-10 20:17:17,13,1.0,-0.0843804774392054,-0.0,-0.0803471418513797,True,60,2,0.0,0.0,1.0,6.0,0.2,Other
95975,88404,34331,85986,2019-05-10 20:44:49,13,1.0,0.020842472974251142,0.0,0.006683561742169987,False,55,15,0.0,0.0,0.0,3.0,0.01818181818181818,"Lone dissent, no signal anywhere"
12728,94705,23660,89286,2018-10-18 14:00:16,12,1.0,0.026416647109913087,0.0,0.03010457840873219,False,29,5,0.0,0.0,1.0,8.0,0.034482758620689655,"Right direction, too cautious to show"
184762,31373,59164,79690,2019-12-27 15:31:13,15,2.0,0.08184635322664272,0.0,0.10805314619083477,True,171,4,0.0,0.0,0.0,0.0,0.0935672514619883,"Lone dissent, no signal anywhere"
114157,39731,41550,37759,2019-07-03 09:39:39,14,1.0,0.359240581586225,0.0,0.3252562019629003,True,120,0,0.0,0.0,0.0,2.0,0.35,"New route, no community evidence"
154867,96268,56274,97324,2019-10-24 01:00:00,14,-2.0,-0.48956209103969306,-0.0,0.003700880635533174,False,93,1,-2.0,1.0,2.0,8.0,0.010752688172043012,"Right direction, too cautious to show"
164207,68641,52383,139551,2019-11-14 00:14:27,13,2.0,-0.03536532016294075,-0.0,0.03700258057923928,False,86,5,0.0,0.0,0.0,7.0,0.09302325581395349,"Lone dissent, no signal anywhere"
158035,86839,58319,87535,2019-11-01 11:32:32,18,-1.0,-0.03299898738800261,-0.0,0.02826993564164762,False,233,0,0.0,0.0,0.0,0.0,0.030042918454935622,"New route, no community evidence"
184085,139838,56868,139759,2019-12-24 20:30:37,19,-2.0,-1.4629174148601427,-1.0,-0.13406394162307012,True,84,6,-1.6666666666666667,5.0,0.0,0.0,0.39285714285714285,"Right direction, too few steps"
185284,27856,64385,63831,2019-12-29 00:00:00,19,2.0,0.5104664152920622,1.0,0.016446536651766104,False,69,1,2.0,1.0,1.0,1.0,0.014492753623188406,"Right direction, too few steps"
142302,89294,52887,31269,2019-09-22 19:40:06,8,2.0,0.30044048065357354,0.0,0.187008786093155,True,76,0,0.0,0.0,0.0,8.0,0.3026315789473684,"New route, no community evidence"
183247,95033,64099,87542,2019-12-22 11:34:22,14,-1.0,-0.004692744450092885,-0.0,-0.029385328396357834,False,81,0,0.0,0.0,0.0,0.0,0.07407407407407407,"New route, no community evidence"
181445,139638,63777,139759,2019-12-18 14:31:39,17,-2.0,-1.4673752717951456,-1.0,-0.20990583635392088,True,95,3,-2.0,3.0,5.0,5.0,0.3473684210526316,"Right direction, too few steps"
119781,112198,40412,62909,2019-07-19 12:10:40,11,1.0,0.09983302733633825,0.0,-0.01593218576101867,False,29,13,0.15384615384615385,2.0,0.0,3.0,0.0,"Right direction, too cautious to show"
170470,75821,61231,65777,2019-11-26 05:24:01,18,2.0,-0.06699622893630391,-0.0,-0.00432461897592842,False,483,0,0.0,0.0,0.0,1.0,0.002070393374741201,"New route, no community evidence"
128697,59256,38771,66603,2019-08-15 04:46:14,12,-2.0,-0.05952428690857109,-0.0,0.02977706640866811,False,32,17,-0.11764705882352941,1.0,0.0,7.0,0.0,"Right direction, too cautious to show"
177697,15222,60474,89530,2019-12-10 20:20:43,14,2.0,-0.07970420605005447,-0.0,-0.06961461952079123,True,61,7,0.0,0.0,0.0,8.0,0.21311475409836064,Other
169167,77905,60814,38040,2019-11-23 14:59:54,12,1.0,0.006870107128441435,0.0,-0.00680670819400903,False,383,2,0.0,0.0,1.0,22.0,0.06266318537859007,"Right direction, too cautious to show"
157239,113985,52538,42946,2019-10-30 18:29:32,6,1.0,0.28563742417440907,0.0,0.004164213130178578,False,128,2,0.5,1.0,0.0,2.0,0.0703125,"Right direction, too cautious to show"
177160,119190,61753,42946,2019-12-09 13:04:40,6,1.0,0.48076425648248633,0.0,0.005168725351135384,False,31,2,1.0,2.0,3.0,3.0,0.16129032258064516,"Right direction, too cautious to show"
