protocol,route,climber,n,gain
A,0,0-4,6,
A,0,5-9,0,
A,0,10-19,152,
A,0,20-49,1109,0.0003738891930163968
A,0,50+,3893,0.011441577943349102
A,1-2,0-4,8,
A,1-2,5-9,3,
A,1-2,10-19,288,-0.001696308486788034
A,1-2,20-49,2146,0.004253029098754524
A,1-2,50+,6167,0.0101529322595858
A,3-4,0-4,7,
A,3-4,5-9,3,
A,3-4,10-19,217,0.009523828429475578
A,3-4,20-49,1730,0.0020629507303810968
A,3-4,50+,4280,0.008649749603528878
A,5-9,0-4,17,
A,5-9,5-9,6,
A,5-9,10-19,400,-0.0007407925039070173
A,5-9,20-49,2970,0.0033628499211439955
A,5-9,50+,6216,0.005544706339234762
A,10+,0-4,5,
A,10+,5-9,5,
A,10+,10-19,403,-0.002630209713282816
A,10+,20-49,3079,0.001088010518767446
A,10+,50+,5242,-0.00024359276217914005
B,0,0-4,393,0.0011854412110660073
B,0,5-9,305,0.0105288555966625
B,0,10-19,643,-0.001057078340780837
B,0,20-49,1652,0.00953006795251643
B,0,50+,4224,0.01595346918209445
B,1-2,0-4,602,0.0071681971775546804
B,1-2,5-9,487,0.013146411765466048
B,1-2,10-19,1208,0.0057010484645202975
B,1-2,20-49,2851,0.0033044896882305497
B,1-2,50+,6704,0.012182868454992002
B,3-4,0-4,399,0.004709719775809362
B,3-4,5-9,400,0.023069213217290885
B,3-4,10-19,1076,0.017081325653556967
B,3-4,20-49,2250,0.006717053785626204
B,3-4,50+,4767,0.00974735567317897
B,5-9,0-4,658,0.0010519862197432284
B,5-9,5-9,580,0.011661087126813519
B,5-9,10-19,1687,0.002142470136612007
B,5-9,20-49,3595,0.0027131625046310504
B,5-9,50+,6807,0.0067787330043722616
B,10+,0-4,487,0.00011636148740340468
B,10+,5-9,480,0.004261632348178779
B,10+,10-19,1394,-0.0015718488734032254
B,10+,20-49,3241,0.00014568069256842842
B,10+,50+,5248,-0.001207919273678082
