z,RMSE_dev,RMSE_r_dev,share_personalized_dev,hurt_dev,helped_dev,RMSE_test,RMSE_r_test,share_personalized_test,hurt_test,helped_test
0.0,0.3726702079954629,0.38269451012115013,0.9879652545251614,0.32580174927113703,0.2099125364431487,0.3774665572504565,0.38693417518810286,0.98162568568031,0.30963045912653975,0.229003359462486
0.5,0.3726739674167291,0.38263110286197566,0.47153879749599653,0.2762390670553936,0.16253644314868804,0.3774946085903913,0.3871571706010167,0.49251985116421804,0.26651735722284436,0.19092945128779396
1.0,0.3724224339950609,0.3830747332751652,0.2723346435677197,0.18221574344023322,0.11005830903790087,0.3775359744680904,0.3870828530707032,0.2936054317388469,0.187010078387458,0.13269876819708848
1.5,0.37228053108002845,0.38288466889567807,0.18100645411753288,0.1151603498542274,0.07725947521865889,0.3775326863803086,0.3874047927373662,0.19678545398749472,0.11422172452407615,0.093505039193729
1.96,0.3720747539197304,0.382821293132785,0.13364390741010337,0.07580174927113703,0.06341107871720117,0.37772696514888615,0.38794900508919344,0.1420461084046185,0.08678611422172453,0.07390817469204927
2.5,0.3723271277591984,0.38231390882348915,0.09419129422041055,0.053206997084548104,0.04081632653061224,0.37774154641363317,0.38846776931258875,0.1024972189190226,0.051511758118701005,0.06159014557670773
3.0,0.37260541911407485,0.38256768509360073,0.0674528072984908,0.03644314868804665,0.030612244897959183,0.3780772324752407,0.38846776931258875,0.07986497372357973,0.0335946248600224,0.04983202687569989
4.0,0.3726185467502569,0.38256768509360073,0.040083466783131946,0.02040816326530612,0.018221574344023325,0.37910873639179593,0.3887392266695057,0.04455483524492693,0.020716685330347144,0.032474804031354984
inf,0.3784889865333398,0.3889206613525482,0.0,0.0,0.0,0.3848027524338006,0.3941534439257742,0.0,0.0,0.0
