new,reference,output,tol,helped,hurt,unchanged,n_climbers,top10_share_of_gain,top10_share_crossfit,top10_share_crossfit_min,top10_share_crossfit_max
PACE,PACE-noU,continuous,0.0,0.42073170731707316,0.5754573170731707,0.0038109756097560975,2624.0,2.775901080295368,,,
PACE,PACE-noU,continuous,0.001,0.2191310975609756,0.3132621951219512,0.46760670731707316,2624.0,2.775901080295368,1.6280326996881413,0.9556829771689053,3.489922330912199
PACE,PACE-noU,displayed,0.0,0.024009146341463415,0.01600609756097561,0.959984756097561,2624.0,3.7419354838709675,,,
PACE,PACE-noU,displayed,0.001,0.024009146341463415,0.01600609756097561,0.959984756097561,2624.0,3.7419354838709675,,,
PACE-G,PACE-noU,continuous,0.0,0.055640243902439025,0.09375,0.850609756097561,2624.0,2.2369833326600745,,,
PACE-G,PACE-noU,continuous,0.001,0.0506859756097561,0.08650914634146341,0.8628048780487805,2624.0,2.2369833326600745,1.4504924364023186,0.9493732881600848,2.8390280784115958
PACE-G,PACE-noU,displayed,0.0,0.014100609756097561,0.008765243902439025,0.9771341463414634,2624.0,3.857142857142857,,,
PACE-G,PACE-noU,displayed,0.001,0.014100609756097561,0.008765243902439025,0.9771341463414634,2624.0,3.857142857142857,,,
PACE-G*,PACE-noU,continuous,0.0,0.42073170731707316,0.5754573170731707,0.0038109756097560975,2624.0,2.7759010802953674,,,
PACE-G*,PACE-noU,continuous,0.001,0.2191310975609756,0.3132621951219512,0.46760670731707316,2624.0,2.7759010802953674,1.6280326996881413,0.9556829771689053,3.489922330912199
PACE-G*,PACE-noU,displayed,0.0,0.024009146341463415,0.01600609756097561,0.959984756097561,2624.0,3.7419354838709675,,,
PACE-G*,PACE-noU,displayed,0.001,0.024009146341463415,0.01600609756097561,0.959984756097561,2624.0,3.7419354838709675,,,
PACE,PACE[route+env],continuous,0.0,0.43102134146341464,0.5689786585365854,0.0,2624.0,2.5201242930614103,,,
PACE,PACE[route+env],continuous,0.001,0.26676829268292684,0.3365091463414634,0.39672256097560976,2624.0,2.5201242930614103,1.4067524442442074,0.8912601605451776,2.8910689575634514
PACE,PACE[route+env],displayed,0.0,0.027820121951219513,0.013719512195121951,0.9584603658536586,2624.0,2.3703703703703702,,,
PACE,PACE[route+env],displayed,0.001,0.027820121951219513,0.013719512195121951,0.9584603658536586,2624.0,2.3703703703703702,,,
PACE-X,PACE[route+env],continuous,0.0,0.41196646341463417,0.5880335365853658,0.0,2624.0,2.651267308185572,,,
PACE-X,PACE[route+env],continuous,0.001,0.26333841463414637,0.3601371951219512,0.37652439024390244,2624.0,2.651267308185572,1.474004272922785,0.9283408719804921,3.441637662500192
PACE-X,PACE[route+env],displayed,0.0,0.026295731707317072,0.014481707317073171,0.9592225609756098,2624.0,2.5833333333333335,,,
PACE-X,PACE[route+env],displayed,0.001,0.026295731707317072,0.014481707317073171,0.9592225609756098,2624.0,2.5833333333333335,,,
B1-LR,B1-LR[route],continuous,0.0,0.44626524390243905,0.553734756097561,0.0,2624.0,4.508322923643939,,,
B1-LR,B1-LR[route],continuous,0.001,0.18635670731707318,0.390625,0.42301829268292684,2624.0,4.508322923643939,3.061751854159415,0.9040586279441076,19.229381887602294
B1-LR,B1-LR[route],displayed,0.0,0.018673780487804877,0.018673780487804877,0.9626524390243902,2624.0,3.0555555555555554,,,
B1-LR,B1-LR[route],displayed,0.001,0.018673780487804877,0.018673780487804877,0.9626524390243902,2624.0,3.0555555555555554,,,
B3-GBM,B3-GBM[-climber],continuous,0.0,0.6090701219512196,0.3909298780487805,0.0,2624.0,4.180483553422853,,,
B3-GBM,B3-GBM[-climber],continuous,0.001,0.38361280487804883,0.30525914634146345,0.31112804878048783,2624.0,4.180483553422853,2.4279059132364678,0.7219405454848563,41.72895170182936
B3-GBM,B3-GBM[-climber],displayed,0.0,0.039253048780487805,0.06128048780487805,0.8994664634146341,2624.0,,,,
B3-GBM,B3-GBM[-climber],displayed,0.001,0.039253048780487805,0.06128048780487805,0.8994664634146341,2624.0,,,,
PACE-GBM,PACE-GBM[-climber],continuous,0.0,0.5564024390243902,0.4435975609756097,0.0,2624.0,2.7285208639341008,,,
PACE-GBM,PACE-GBM[-climber],continuous,0.001,0.3418445121951219,0.3045731707317073,0.3535823170731707,2624.0,2.7285208639341008,1.3828858127735795,0.6851812876056254,4.960340861130829
PACE-GBM,PACE-GBM[-climber],displayed,0.0,0.03788109756097561,0.04679878048780488,0.9153201219512196,2624.0,6.826112438286351,,,
PACE-GBM,PACE-GBM[-climber],displayed,0.001,0.03788109756097561,0.04679878048780488,0.9153201219512196,2624.0,6.826112438286351,,,
