model,seeds,n,n_sd,RMSE,RMSE_sd,MAE,MAE_sd,RMSE_r,RMSE_r_sd,MAE_r,MAE_r_sd,RMSE_dis,RMSE_dis_sd,acc_r,acc_r_sd,userRMSE_r,userRMSE_r_sd,userRMSE_r_sd_sd,macroF1,macroF1_sd,P_soft,P_soft_sd,R_soft,R_soft_sd,F1_soft,F1_soft_sd,P_same,P_same_sd,R_same,R_same_sd,F1_same,F1_same_sd,P_hard,P_hard_sd,R_hard,R_hard_sd,F1_hard,F1_hard_sd,AP_dis,AP_dis_sd,AP_hard,AP_hard_sd,AP_soft,AP_soft_sd
PACE-GBM,5,52138.0,0.0,0.3571148316210756,0.0002486357206088277,0.127393388520472,0.0002212348981312127,0.36774586579031665,0.0005398741825118041,0.09519736085005179,0.00024131598431165852,1.1838410675733717,0.00044785542458435746,0.9235145191606889,0.00019718920039086887,0.24686993941207805,0.2884051085591201,0.00020227127656184256,0.6074240174294495,0.0018376140620689943,0.6806364219654614,0.005451560226605563,0.3373259052924791,0.0019586836684984997,0.4510793774378798,0.0017119477483730403,0.9429161795894906,0.00018989833376763636,0.9874240874846087,0.000153783696199161,0.9646570022833636,6.875598066559807e-05,0.6745034490350305,0.004075483474986794,0.29095307208514753,0.0037723442069894438,0.4065356725671048,0.004302827025848436,0.4699769018116595,0.001440726374716317,0.37996193663119,0.0014368684757809344,0.4521105997775555,0.00089632010285618
B3-GBM,5,52138.0,0.0,0.3585439477713321,0.0001959972535744343,0.11925572126918696,0.0001715575782613125,0.37020464181531815,0.0004921190980196835,0.09625992558210902,0.0003239070441149969,1.1884688518928324,0.00021098360931327343,0.9227856841459205,0.0003146901576891145,0.2495845790220427,0.2885782870108086,0.0003896538934057302,0.6053154058382882,0.0011247822493965925,0.6572380065587522,0.002551518972489935,0.3403899721448468,0.0030513791504466134,0.4484889875776175,0.002550514415945482,0.9430247665334937,0.00011194387844958843,0.9862428783104116,0.00021758309608663247,0.9641497434408643,0.0001387074397485423,0.6600146962959003,0.005992272445871861,0.29037252056119983,0.0018548901318510627,0.4033074864963829,0.00276806654724386,0.47053839583652823,0.0008016693970912825,0.3732158987974864,0.001693072242920839,0.4492472203283787,0.0008153894322070136
PACE-GBM[-climber],5,52138.0,0.0,0.3657183576952186,9.634313422591575e-05,0.1217268441708079,0.00012425114649613418,0.37534977697391103,0.0004863822417095468,0.09802447351260117,0.00029508338804614266,1.2301035074423994,0.0004592671224319721,0.9221374045801527,0.00026458488249736517,0.2502988984748532,0.2909465300695266,0.0009833842256912002,0.5785558216412638,0.0007629007754455583,0.7253566683914728,0.0041999862335114066,0.3057567316620241,0.0014899541816045614,0.43017516870817796,0.0013449099628177813,0.9394551737295462,7.628657088764466e-05,0.9897364192249098,0.00010476365714055153,0.9639405430623704,5.91160860256076e-05,0.6424734029500192,0.006161272446397459,0.23260764392839867,0.0008654351146588406,0.34155175315324343,0.0015984306794766532,0.4189499851415509,0.000526753892054657,0.30982586692190195,0.001131141585849846,0.42205049660562377,0.0005119046555790501
B3-GBM[-climber],5,52138.0,0.0,0.366403335538344,7.598829587416026e-05,0.11570439213119829,0.00020601860403934998,0.3756206654825463,0.0002885315075082902,0.0979976216962676,9.258136780196555e-05,1.2344546719771377,0.00032866877797139803,0.922252483793011,0.00012175818211746092,0.2493528246457637,0.29098904708051326,0.0015237112485690892,0.5840082318373103,0.0007593606518372413,0.7220162403829509,0.0026095020905864473,0.30844939647168057,0.0014157800076116062,0.4322420042369009,0.0018083516905853863,0.9400534027431403,6.697384849270237e-05,0.9891228582757685,0.00013313970330142206,0.9639640715143327,4.284895346073504e-05,0.637838556964238,0.0032528760435934713,0.2467343976777939,0.0019947293786248955,0.35581861976069756,0.001979784223616017,0.4207547053581135,0.0007942206772699109,0.31198076635079736,0.0011243820508706544,0.4197336619894624,0.00026798064626320383
PACE-X,1,52138.0,0.0,0.3748779750247094,0.0,0.1581558274348368,0.0,0.3843978528945087,0.0,0.10483716291380567,0.0,1.232290348660719,0.0,0.9153016993363765,0.0,0.2674138847461856,0.29435132740412473,0.0,0.5599245408617672,0.0,0.6366525423728814,0.0,0.27901578458681525,0.0,0.3879922530664945,0.0,0.937795056928631,0.0,0.9866644405951959,0.0,0.9616092585247785,0.0,0.6025641025641025,0.0,0.2273826802128689,0.0,0.3301721109940288,0.0,0.40020972407666844,0.0,0.31078036688197225,0.0,0.3951947761687161,0.0
PACE,1,52138.0,0.0,0.3774665572504565,0.0,0.15711798937627539,0.0,0.38693417518810286,0.0,0.10568107714143235,0.0,1.2495459294526876,0.0,0.9149948214354214,0.0,0.2689544650075938,0.29601563027990924,0.0,0.5428022004352183,0.0,0.6535874439461884,0.0,0.2706592386258124,0.0,0.38279711096520025,0.0,0.9360259375679576,0.0,0.9881044305778742,0.0,0.9613604060913705,0.0,0.5852187028657617,0.0,0.1877116594097726,0.0,0.28424908424908424,0.0,0.38302744610744116,0.0,0.2808400781522485,0.0,0.38793617554343846,0.0
PACE-k4,1,52138.0,0.0,0.37755242074682793,0.0,0.1668706747794404,0.0,0.3851953596706723,0.0,0.10683186927001419,0.0,1.219892959874363,0.0,0.9126548774406383,0.0,0.2701660912404941,0.29402756132125224,0.0,0.5600182494617806,0.0,0.5713073005093379,0.0,0.3124419684308264,0.0,0.40396158463385357,0.0,0.9387926048543108,0.0,0.9823653400671996,0.0,0.9600848477431724,0.0,0.5567765567765568,0.0,0.22060957910014514,0.0,0.316008316008316,0.0,0.3883471431153338,0.0,0.281774958129391,0.0,0.39299209293432136,0.0
PACE-G,1,52138.0,0.0,0.37772696514888615,0.0,0.15349367402052452,0.0,0.38794900508919344,0.0,0.1059687751735778,0.0,1.25292014735722,0.0,0.9148989220913729,0.0,0.2695299713893876,0.2966691651763996,0.0,0.5406542532645882,0.0,0.6530147895335608,0.0,0.26648096564531104,0.0,0.378503132212331,0.0,0.9358459987746309,0.0,0.9881879082580295,0.0,0.961304992183852,0.0,0.581570996978852,0.0,0.18626028059990324,0.0,0.2821546353975815,0.0,0.3794469194642113,0.0,0.27799903850399643,0.0,0.3834954111589079,0.0
PACE-G*,1,52138.0,0.0,0.37772696514888615,0.0,0.15349367402052452,0.0,0.38794900508919344,0.0,0.1059687751735778,0.0,1.25292014735722,0.0,0.9148989220913729,0.0,0.2695299713893876,0.2966691651763996,0.0,0.5406542532645882,0.0,0.6530147895335608,0.0,0.26648096564531104,0.0,0.378503132212331,0.0,0.9358459987746309,0.0,0.9881879082580295,0.0,0.961304992183852,0.0,0.581570996978852,0.0,0.18626028059990324,0.0,0.2821546353975815,0.0,0.3794469194642113,0.0,0.27799903850399643,0.0,0.3834954111589079,0.0
B1-RF,5,52138.0,0.0,0.3792801542003005,6.998408467514709e-05,0.1199298600736785,8.967818498631754e-05,0.3885713872079661,0.00022440748743015668,0.1042272430856573,0.00020088566454833025,1.2848289145077978,0.0002573726231680337,0.9177835743603513,0.0002578961419919539,0.2627887317319362,0.29821145367341606,0.0003445598856618928,0.5531003341869375,0.000538473594871281,0.644693024240738,0.005437695695822588,0.24103992571959149,0.0008930076166049876,0.3508821411997747,0.0009076286732452745,0.9367644913683773,9.178537345093245e-05,0.9887472087150698,0.0002036239483715712,0.9620541500823127,7.002565346322524e-05,0.646326463371486,0.002268713784387441,0.2365747460087083,0.0011850458358893061,0.34636471127872526,0.0010117947138766647,0.38060999869429857,0.0005424548519834975,0.30758285892309933,0.0006727176693743169,0.3623070663754381,0.0003488618756328958
B1-LR,1,52138.0,0.0,0.3794295815755844,0.0,0.1471079666045365,0.0,0.3896509226186487,0.0,0.10575779661667115,0.0,1.2637770416637806,0.0,0.9159921746135257,0.0,0.2682401745245531,0.29884461355816827,0.0,0.5432201844785923,0.0,0.6544117647058824,0.0,0.2479108635097493,0.0,0.3595959595959596,0.0,0.9358612104566382,0.0,0.9884383412984953,0.0,0.9614315003146378,0.0,0.6016830294530154,0.0,0.20754716981132076,0.0,0.30863309352517987,0.0,0.3803450900351388,0.0,0.30248492044196124,0.0,0.372056637073143,0.0
PACE[climber+route],1,52138.0,0.0,0.3797179899742458,0.0,0.1544846081551148,0.0,0.39127191675228135,0.0,0.10721546664620814,0.0,1.2642370259703664,0.0,0.9142468065518432,0.0,0.2709819048086203,0.29909817627513496,0.0,0.5314819819694372,0.0,0.6514778325123153,0.0,0.2455896007428041,0.0,0.35670937289278487,0.0,0.9348014839371694,0.0,0.9886261660788447,0.0,0.9609607172923027,0.0,0.5784615384615385,0.0,0.1819061441702951,0.0,0.27677585572322416,0.0,0.3724937957856434,0.0,0.2799745727205213,0.0,0.3751537536961399,0.0
B1-LR[climber+route],1,52138.0,0.0,0.38008261980737873,0.0,0.1475053308032197,0.0,0.39053593531801045,0.0,0.10644827189382025,0.0,1.2646674896358623,0.0,0.9152633395987572,0.0,0.26973607635770536,0.29934307215711814,0.0,0.5386077274455575,0.0,0.6469879518072289,0.0,0.24930362116991645,0.0,0.3599195710455764,0.0,0.9355622739937163,0.0,0.9880835611578355,0.0,0.9611059234298243,0.0,0.5820256776034237,0.0,0.19738751814223512,0.0,0.2947976878612717,0.0,0.3740943105952334,0.0,0.2952173360114777,0.0,0.36833009671160566,0.0
PACE-day,1,52138.0,0.0,0.3813150951883108,0.0,0.15793427098362803,0.0,0.3904868205677291,0.0,0.10687022900763359,0.0,1.264527262760803,0.0,0.914572864321608,0.0,0.2707266414731156,0.2989586637670098,0.0,0.5343761990885892,0.0,0.6437718277066357,0.0,0.2567316620241411,0.0,0.36707600398274143,0.0,0.9352321883579908,0.0,0.9881252999979131,0.0,0.9609514531579801,0.0,0.5736196319018405,0.0,0.18093855829704886,0.0,0.275101140125046,0.0,0.36501511820217414,0.0,0.27192228642070154,0.0,0.36314767796800496,0.0
PACE-sep,1,52138.0,0.0,0.381712861320163,0.0,0.17297101467914627,0.0,0.3908795657719255,0.0,0.10924853274003606,0.0,1.2277128886649828,0.0,0.9111204879358625,0.0,0.27555480421806694,0.2999034603300468,0.0,0.5385577187551132,0.0,0.4939369442198868,0.0,0.28365831012070564,0.0,0.3603656738425243,0.0,0.9368828422669513,0.0,0.9801323121230461,0.0,0.9580197050364114,0.0,0.5466321243523317,0.0,0.20416061925495887,0.0,0.29728777738640366,0.0,0.3652680532362823,0.0,0.2737344845339349,0.0,0.3678916335905559,0.0
PACE[route+env],1,52138.0,0.0,0.3826129107340205,0.0,0.14809123795420406,0.0,0.3923977405697569,0.0,0.10756070428478269,0.0,1.279237668128831,0.0,0.9142851662894625,0.0,0.27133142201708,0.29977476082658294,0.0,0.5193963761112694,0.0,0.6534422403733956,0.0,0.25998142989786444,0.0,0.3719694453669877,0.0,0.9339379004435683,0.0,0.9886679049189223,0.0,0.9605239147624745,0.0,0.5323741007194245,0.0,0.1432027092404451,0.0,0.22569576820434617,0.0,0.3484412889051276,0.0,0.2291423662540539,0.0,0.3692170820436583,0.0
B1-LR[route+setter],1,52138.0,0.0,0.38393209777103543,0.0,0.14268108606645138,0.0,0.39332533838925093,0.0,0.10733054585906632,0.0,1.2885200031864126,0.0,0.915014001304231,0.0,0.2681006535538035,0.2999841464947975,0.0,0.521817166140262,0.0,0.6532156368221942,0.0,0.2404828226555246,0.0,0.3515439429928741,0.0,0.9339204444707134,0.0,0.989273118100048,0.0,0.9608002107951435,0.0,0.5714285714285714,0.0,0.1625544267053701,0.0,0.25310734463276835,0.0,0.34171746981648743,0.0,0.24673588115003656,0.0,0.3545400579475143,0.0
PACE-noU,1,52138.0,0.0,0.3848027524338006,0.0,0.14902019207119926,0.0,0.3941534439257742,0.0,0.10786758218573785,0.0,1.290005392535341,0.0,0.9144577851087499,0.0,0.270815381704942,0.3004702923936198,0.0,0.5145727766304036,0.0,0.6521212121212121,0.0,0.24976787372330547,0.0,0.36119503188989593,0.0,0.9333687650092516,0.0,0.9895652899805915,0.0,0.9606458736413457,0.0,0.5596868884540117,0.0,0.13836477987421383,0.0,0.22187742435996896,0.0,0.3418643480280336,0.0,0.22960282748214492,0.0,0.35798466299619536,0.0
B1-LR[route],1,52138.0,0.0,0.38623665032433085,0.0,0.1421032166306273,0.0,0.39510119240787756,0.0,0.10857723733169665,0.0,1.29553448325719,0.0,0.9138632091756492,0.0,0.27087130628635914,0.30085533902631956,0.0,0.5152562904623542,0.0,0.6475716064757161,0.0,0.2414113277623027,0.0,0.35170781197159284,0.0,0.9334489144568344,0.0,0.9887931214391552,0.0,0.9603242969343806,0.0,0.5355285961871751,0.0,0.14949201741654572,0.0,0.23373676248108927,0.0,0.3199153550968997,0.0,0.2216059676398787,0.0,0.3433015855515931,0.0
PACE[route],1,52138.0,0.0,0.387750977462004,0.0,0.14279544899744145,0.0,0.39706236489462476,0.0,0.1088649353638421,0.0,1.3058688468048918,0.0,0.9140358279949365,0.0,0.27246038641411763,0.30266428910200727,0.0,0.5064129561676852,0.0,0.6509186351706037,0.0,0.23026926648096566,0.0,0.3401920438957476,0.0,0.9325820599052058,0.0,0.9896070288206691,0.0,0.9602486736057673,0.0,0.5368620037807184,0.0,0.1373971940009676,0.0,0.21879815100154082,0.0,0.32304950443376673,0.0,0.22314656496762605,0.0,0.33929963358514775,0.0
B1-LR[climber+setter],1,52138.0,0.0,0.4045993596123318,0.0,0.15135783177031778,0.0,0.41364672082745924,0.0,0.10899919444551,0.0,1.3818084300041051,0.0,0.9198281483754651,0.0,0.27237723623375626,0.3239987905020927,0.0,0.46308829783306854,0.0,0.5626666666666666,0.0,0.0979572887650882,0.0,0.16686437327006723,0.0,0.92851573160747,0.0,0.9940313458688983,0.0,0.96015723428917,0.0,0.7139784946236559,0.0,0.1606192549588776,0.0,0.26224328593996843,0.0,0.30382483218418704,0.0,0.26158604598253044,0.0,0.23077196756060625,0.0
B1-LR[setter],1,52138.0,0.0,0.40776317006411417,0.0,0.14933714064856407,0.0,0.4170408257788864,0.0,0.11020752618052093,0.0,1.3977177791678652,0.0,0.9193870113928421,0.0,0.27423656955244446,0.3252308035226296,0.0,0.4432477524526708,0.0,0.5741324921135647,0.0,0.08449396471680594,0.0,0.14730878186968838,0.0,0.9269919679495906,0.0,0.994740906150218,0.0,0.959672223564468,0.0,0.6840796019900498,0.0,0.13304305757135945,0.0,0.22276225192385582,0.0,0.27233051567677863,0.0,0.2159620270186292,0.0,0.21583381455558912,0.0
PACE[climber+env],1,52138.0,0.0,0.4101862971166635,0.0,0.16088961502195157,0.0,0.4164655491707484,0.0,0.11156929686600944,0.0,1.4072404603832511,0.0,0.9167593693659135,0.0,0.27795987271124883,0.3276791871983976,0.0,0.4009075576228636,0.0,0.6420454545454546,0.0,0.10492107706592387,0.0,0.18036711891460494,0.0,0.9242336274965165,0.0,0.9966608927937892,0.0,0.9590818263061182,0.0,0.6052631578947368,0.0,0.033381712626995644,0.0,0.06327372764786796,0.0,0.25726770985650493,0.0,0.15751980416329076,0.0,0.237658406019737,0.0
B2-SVD,5,52138.0,0.0,0.4102414204378902,4.486719380725092e-05,0.15631567719883982,0.0001020633351711001,0.4174268842287754,0.00029258630128033364,0.11385937320188728,0.00019064442272107566,1.3908514876513194,0.00024776473797134433,0.9139245847558403,0.000168521098902833,0.2837897402958666,0.32429589729898173,0.00042171083068747844,0.4412510683573956,0.0007105687878449753,0.4669798783144293,0.005062816525095673,0.11606313834726092,0.0005685909337936781,0.18591542575368886,0.0009128871504376534,0.9270837390724607,2.5131643158998373e-05,0.9906254565185633,0.0001323193646025231,0.9578018938351585,7.108912187662096e-05,0.5535873601665215,0.00635994730379896,0.10749879051765845,0.0009305942942269596,0.1800358854833392,0.001576191894968948,0.23694945307022666,0.0004655327795880618,0.19168638015551956,0.0008245577898480308,0.18941422729524046,0.00025070545279989555
PACE[climber],1,52138.0,0.0,0.41454821090085847,0.0,0.15380330406364154,0.0,0.4208862890691079,0.0,0.11235567148720703,0.0,1.4327543407725911,0.0,0.9172772258237754,0.0,0.2789264052185918,0.3315971220226326,0.0,0.38478111250450797,0.0,0.625,0.0,0.06963788300835655,0.0,0.12531328320802004,0.0,0.9230308649128907,0.0,0.9973287142350314,0.0,0.9587425143694015,0.0,0.6209677419354839,0.0,0.03725205611998065,0.0,0.07028753993610223,0.0,0.23776632042191312,0.0,0.15223455558318988,0.0,0.20456933615786665,0.0
PACE[env],1,52138.0,0.0,0.41616275965092303,0.0,0.15227788712974397,0.0,0.42358903752896937,0.0,0.11222141240553915,0.0,1.4439108170011494,0.0,0.9187732555909317,0.0,0.2789428985912671,0.3321322458745659,0.0,0.35284327686415856,0.0,0.8702290076335878,0.0,0.052924791086350974,0.0,0.09978118161925602,0.0,0.9210490895456381,0.0,0.9996660892793789,0.0,0.9587486489732197,0.0,0.0,0.0,0.0,0.0,0.0,0.0,0.2133227132713476,0.0,0.09982255593440262,0.0,0.20957295165830675,0.0
B1-LR[climber],1,52138.0,0.0,0.4194302812603933,0.0,0.14598451833536386,0.0,0.42697148972287746,0.0,0.11237485135601673,0.0,1.4563414560967132,0.0,0.919770608769036,0.0,0.27943738103282867,0.3357233162848831,0.0,0.35790716834211755,0.0,0.7317073170731707,0.0,0.013927576601671309,0.0,0.02733485193621868,0.0,0.9212506012506012,0.0,0.9992695702986414,0.0,0.9586753693989508,0.0,0.7868852459016393,0.0,0.04644412191582003,0.0,0.0877112836911832,0.0,0.24659659541951495,0.0,0.22917747944700628,0.0,0.14147058866806833,0.0
PACE-static,1,52138.0,0.0,0.42512954558008736,0.0,0.15917213053931217,0.0,0.427667194170039,0.0,0.11530937128390042,0.0,1.452596999325159,0.0,0.9159154551382869,0.0,0.28630729539014776,0.3315177807913957,0.0,0.39384356755091005,0.0,0.33070866141732286,0.0,0.03899721448467967,0.0,0.06976744186046512,0.0,0.9235814639447334,0.0,0.993259177327462,0.0,0.9571539180886686,0.0,0.53125,0.0,0.09046927914852443,0.0,0.15460934270359653,0.0,0.172538014930795,0.0,0.1657664837239724,0.0,0.08985356890236343,0.0
PACE[],1,52138.0,0.0,0.4294422030040926,0.0,0.13795219458524383,0.0,0.43128455538825505,0.0,0.11408185968007979,0.0,1.5048123368391828,0.0,0.9190417737542675,0.0,0.28086090861331725,0.33819363307984657,0.0,0.3192710675794979,0.0,0.0,0.0,0.0,0.0,0.0,0.0,0.9190417737542675,0.0,1.0,0.0,0.9578132027384938,0.0,0.0,0.0,0.0,0.0,0.0,0.0,0.12154065196130098,0.0,0.08172886139104599,0.0,0.0725968090980646,0.0
B1-LR[],1,52138.0,0.0,0.4294767638410603,0.0,0.13782465891423476,0.0,0.43128455538825505,0.0,0.11408185968007979,0.0,1.504978306217501,0.0,0.9190417737542675,0.0,0.28086090861331725,0.33819363307984657,0.0,0.3192710675794979,0.0,0.0,0.0,0.0,0.0,0.0,0.0,0.9190417737542675,0.0,1.0,0.0,0.9578132027384938,0.0,0.0,0.0,0.0,0.0,0.0,0.0,0.12134373492072428,0.0,0.08119410667244085,0.0,0.0709277179430161,0.0
B0-official,1,52138.0,0.0,0.43128455538825505,0.0,0.11408185968007979,0.0,0.43128455538825505,0.0,0.11408185968007979,0.0,1.5157703717739965,0.0,0.9190417737542675,0.0,0.28086090861331725,0.33819363307984657,0.0,0.3192710675794979,0.0,0.0,0.0,0.0,0.0,0.0,0.0,0.9190417737542675,0.0,1.0,0.0,0.9578132027384938,0.0,0.0,0.0,0.0,0.0,0.0,0.0,0.08095822624573248,0.0,0.0396447888296444,0.0,0.041313437416088075,0.0
