model,link,logloss,brier,ece,AP_hard,AP_soft,AP_dis
PACE,ordinal,0.21482639736388534,0.09840801799069389,0.00659517866038964,0.2660184931026992,0.33946950674987636,0.318976501161212
PACE,gaussian,0.27792446940101256,0.11709678752409476,0.05346308847240084,0.2684303316410359,0.3443579172611996,0.3209465651835425
PACE-G,ordinal,0.21500290298949215,0.09851347465647438,0.0071758749616513675,0.264158140726622,0.3381145467054318,0.3166901201546171
PACE-G,gaussian,0.27794233680719127,0.11721199767149819,0.05328685755632731,0.2661296520714188,0.34367015139800366,0.3186627916588783
PACE-X,ordinal,0.21462569261735456,0.09837208808522062,0.006215181442596557,0.26627959287472724,0.3401661993002403,0.31912444106370075
PACE-X,gaussian,0.2781932659796103,0.11730219310062205,0.053638623717774975,0.2684586307540914,0.34491283630964487,0.3213995058159681
B1-RF,ordinal,0.20488858961877252,0.08774859329957994,0.0033727683757634615,0.30696151894393403,0.4717252098221885,0.39467378107407336
B1-RF,gaussian,0.23055554545470153,0.09226599034870082,0.0504327498636186,0.30683091992326056,0.4626480657518067,0.40007423732118247
B3-GBM,ordinal,0.2022839232169984,0.08802599658762464,0.005930500844044285,0.34265163560254336,0.4724471004636602,0.4211410169578496
B3-GBM,gaussian,0.2398186046046459,0.09524948213853114,0.050569339265717696,0.3434789843439673,0.4748743754286263,0.4232035371395317
class prior,-,0.26817005594528676,0.1144034341581767,0.008915180386618093,,,
