climber,route,env,devRMSE_A,devRMSE_r_A,devRMSE_B,devRMSE_r_B,sec
20,3,30,0.3185307922790953,0.3310804314079111,0.3513305306736946,0.36283157315418996,213.2
20,3,300,0.31853430040519637,0.33096923730522576,0.351287827465111,0.36289278472327235,95.2
20,6,30,0.31931494411220973,0.3345091159377652,0.3558398491174103,0.3705545143802489,205.1
20,6,300,0.31932329129683357,0.3345091159377652,0.35578852592691246,0.3705545143802489,82.9
20,12,30,0.3236647681142127,0.34416300545342265,0.36576276468591157,0.3825580648794494,200.8
20,12,300,0.32367915679372183,0.34416300545342265,0.3657082439402211,0.3826161205842953,79.7
40,3,30,0.31867862530073215,0.33130270765410286,0.3526907682066392,0.36496786969661865,197.4
40,3,300,0.31868514437135087,0.3310804314079111,0.3526467627541473,0.36493743922425187,84.0
40,6,30,0.3193778751915809,0.33472911538011846,0.3570791592295114,0.3719604578503684,188.2
40,6,300,0.31938977357810944,0.33472911538011846,0.3570263981490198,0.3719903138088264,76.1
40,12,30,0.32364814363197153,0.34373494184814823,0.3668693851627816,0.38287726231911096,189.3
40,12,300,0.323666851030161,0.34373494184814823,0.3668136398055754,0.38290626707369363,74.1
