climber,route,env,devRMSE_A,devRMSE_r_A,devRMSE_B,devRMSE_r_B,sec,climber_grade,env_grade
10.0,1.0,30.0,0.3748251679469352,0.3894400184042652,0.3835897673822893,0.3932635055424996,156.1,,
10.0,1.0,100.0,0.3749000303621115,0.3894400184042652,0.383620753211783,0.3945570376776687,105.3,,
10.0,1.0,300.0,0.3749838764879601,0.3896817314833373,0.3836755954070026,0.3944340269068919,75.3,,
10.0,1.0,1000.0,0.3750476543921781,0.3900037825560608,0.3837224147616082,0.3947414819593493,69.5,,
10.0,2.0,30.0,0.3697911836434397,0.3791489462136752,0.3762795136290494,0.3795111699306112,123.0,,
10.0,2.0,100.0,0.3698798958052797,0.378486097898686,0.3763129844525216,0.3794472307220147,79.9,,
10.0,2.0,300.0,0.3699950252826972,0.379231720790846,0.3763776479017076,0.3801499705340701,60.5,,
10.0,2.0,1000.0,0.3700901744870739,0.3793144773048242,0.3764388262534109,0.3798307045244997,50.4,,
10.0,4.0,30.0,0.3692368441809051,0.3808834347079204,0.3732249336632824,0.3798307045244997,108.5,,
10.0,4.0,100.0,0.3693516223006114,0.3804711784612253,0.3732597571557265,0.3804689686354604,65.2,,
10.0,4.0,300.0,0.3695179335025992,0.3803886735966618,0.3733344407678225,0.3807876995019765,50.1,,
10.0,4.0,1000.0,0.3696667886427491,0.381212918709592,0.3734084115852345,0.3815515672696829,41.7,,
20.0,1.0,30.0,0.3742943241479829,0.3899232947247308,0.3831638594707696,0.3950486977284444,147.7,,
20.0,1.0,100.0,0.374388543707538,0.3897622691986715,0.3832003859898492,0.3954783988707943,102.9,,
20.0,1.0,300.0,0.3744935120486426,0.3900037825560608,0.3832632314387698,0.3958463428786213,71.0,,
20.0,1.0,1000.0,0.3745708300127716,0.3898427902757001,0.3833168644111616,0.3957850426315826,64.7,,
20.0,2.0,30.0,0.369260975434687,0.3779051518956218,0.3758047236501233,0.3804051904154774,115.6,,
20.0,2.0,100.0,0.3693785066650865,0.3783202043566826,0.3758442508203853,0.3802137915654162,73.6,,
20.0,2.0,300.0,0.3695284876601289,0.3791489462136752,0.3759195730796982,0.3799584431205187,52.4,,
20.0,2.0,1000.0,0.3696487475745074,0.3797279893400816,0.3759919295977589,0.3807239746752393,39.7,,
20.0,4.0,30.0,0.3686863201475165,0.3789833428224105,0.3726960340243063,0.3797029229550217,97.0,,
20.0,4.0,100.0,0.3688461374328248,0.3802236101592536,0.3727398730387509,0.3815515672696829,56.8,,
20.0,4.0,300.0,0.3690672473158674,0.3806361345402788,0.3728296086610013,0.3818058502484379,42.2,,
20.0,4.0,1000.0,0.3692582362898058,0.3808834347079204,0.3729208550080472,0.3820599639872175,31.2,,
40.0,1.0,30.0,0.3743061734771097,0.3908077491535875,0.3834699194927574,0.3970092492131512,145.4,,
40.0,1.0,100.0,0.374420733217482,0.3908880548667857,0.3835133024581112,0.3976809564905497,97.4,,
40.0,1.0,300.0,0.3745501603516376,0.3906470882016167,0.3835864642266966,0.3978029632295731,68.3,,
40.0,1.0,1000.0,0.3746443300662919,0.3904863611476207,0.3836488830523298,0.3978639525688705,61.6,,
40.0,2.0,30.0,0.3692644069332895,0.3793144773048242,0.3760392372987045,0.3826945101211501,116.9,,
40.0,2.0,100.0,0.3694124561530919,0.379231720790846,0.3760835566102449,0.3832013904891651,77.5,,
40.0,2.0,300.0,0.3696050423997924,0.3798106377226775,0.3761716336517586,0.3829480341702361,55.3,,
40.0,2.0,1000.0,0.3697594021968434,0.3799758805574357,0.376258629801779,0.3830113889616647,42.0,,
40.0,4.0,30.0,0.3686623201776834,0.3804711784612253,0.3728551934565116,0.3814243622095483,101.1,,
40.0,4.0,100.0,0.3688702855136322,0.3811305744125498,0.3729034061009296,0.382821293132785,58.6,,
40.0,4.0,300.0,0.369161765082789,0.3810482123209534,0.3730091767470067,0.3835178505236832,40.3,,
40.0,4.0,1000.0,0.3694157850850761,0.3812952452236086,0.3731232208161356,0.3835178505236832,28.7,,
40.0,6.0,30.0,0.3704412961685132,0.3823638768734927,0.3730898772340388,0.3854741040000755,92.0,,
20.0,6.0,30.0,0.3704831279576913,0.37939721576743,0.3729706008066639,0.3835178505236832,96.1,,
40.0,8.0,30.0,0.3724890858423296,0.3846554617199795,0.3740571967520524,0.3860401917548468,91.9,,
20.0,8.0,30.0,0.372541969863555,0.3820353855096989,0.3739630727214258,0.3845918668689271,96.4,,
20.0,3.0,30.0,0.3683404755227065,0.3773233114398476,0.3734197570378013,0.3796390160416759,104.9,,
40.0,3.0,30.0,0.3683291307608192,0.3795626385857405,0.3736095935110162,0.3809151171731022,102.1,,
20.0,5.0,30.0,0.3694984703328007,0.3785690174084767,0.3726702079623133,0.3826945101211501,97.4,,
40.0,5.0,30.0,0.3694644640937181,0.3803886735966618,0.372806834147817,0.3843394271522833,92.5,,
20.0,4.0,10.0,0.3687046577589759,0.3794799361904706,0.3728602132055272,0.3801499705340701,190.1,,
40.0,4.0,10.0,0.3686675580683419,0.3802236101592536,0.3730237604050091,0.3815515672696829,186.6,,
60.0,4.0,30.0,0.3689561805831369,0.379893268124552,0.3732767268672133,0.382884668895678,92.9,,
30.0,4.0,30.0,0.3685933839276661,0.3799758805574357,0.3726998412037703,0.3808514136661473,96.0,,
40.0,3.0,30.0,0.3676453179961991,0.3789833428224105,0.3732447932181381,0.3798307045244997,158.7,300.0,100.0
40.0,3.0,30.0,0.367855288023401,0.3790661535614786,0.3733232654562795,0.3801499705340701,161.9,300.0,300.0
40.0,3.0,30.0,0.3679625853420391,0.3789833428224105,0.3733692470391294,0.3807876995019765,160.3,300.0,1000.0
40.0,3.0,30.0,0.3679134320112338,0.3783202043566826,0.3734247438415265,0.3800222963170237,159.0,3000.0,100.0
40.0,3.0,30.0,0.3681285257563858,0.3788176670362103,0.3735097999852215,0.3800222963170237,166.0,3000.0,300.0
40.0,3.0,30.0,0.3682383696494187,0.3789005139846116,0.3735588158839882,0.3805327361660574,170.2,3000.0,1000.0
40.0,3.0,30.0,0.3679439319428657,0.3783202043566826,0.3734449863564202,0.3798945791914819,161.2,30000.0,100.0
40.0,3.0,30.0,0.3681595720638932,0.3789833428224105,0.3735307491565528,0.3800222963170237,163.8,30000.0,300.0
40.0,3.0,30.0,0.3682696884453104,0.3790661535614786,0.3735800922964894,0.3805964930126414,159.0,30000.0,1000.0
40.0,3.0,30.0,0.3669815655511164,0.378071227558174,0.3729320739897322,0.3797029229550217,368.7,100.0,30.0
40.0,3.0,30.0,0.3672265612499597,0.3788176670362103,0.3729562155332437,0.3801499705340701,363.9,100.0,100.0
40.0,3.0,30.0,0.3674269079358113,0.3793144773048242,0.3730225871812244,0.3805964930126414,443.4,100.0,300.0
40.0,3.0,30.0,0.3673841741890925,0.3789005139846116,0.3731968499847516,0.3800222963170237,446.1,300.0,30.0
40.0,3.0,30.0,0.3675805450262022,0.3786519187600472,0.3733236250935504,0.3798945791914819,354.8,1000.0,30.0
40.0,3.0,30.0,0.3678482603332087,0.3781542380383835,0.3733813333610281,0.3799584431205187,350.9,1000.0,100.0
40.0,3.0,30.0,0.3680621633883357,0.378486097898686,0.3734648523021996,0.3800222963170237,382.0,1000.0,300.0
20.0,5.0,30.0,0.3675494410233744,0.378071227558174,0.3716036472323841,0.3808514136661473,365.9,100.0,30.0
20.0,5.0,30.0,0.3680702797062536,0.3786519187600472,0.3718336834393917,0.3805964930126414,366.4,100.0,100.0
20.0,5.0,30.0,0.3684633932141243,0.3789005139846116,0.3720202660778959,0.3820599639872175,376.5,100.0,300.0
20.0,5.0,30.0,0.3679096364303555,0.3773233114398476,0.3718179281946787,0.3806602391805808,365.6,300.0,30.0
20.0,5.0,30.0,0.3684592568016582,0.3775727814250779,0.3720862484023742,0.3810424922367436,361.7,300.0,100.0
20.0,5.0,30.0,0.3688715132043061,0.3779881988479254,0.3722946481312544,0.3811061638041087,355.1,300.0,300.0
20.0,5.0,30.0,0.3680892960601262,0.3770736764066072,0.371925768119074,0.3803414015007311,366.7,1000.0,30.0
20.0,5.0,30.0,0.3686506445763394,0.3779881988479254,0.3722100455478602,0.3808514136661473,362.1,1000.0,100.0
20.0,5.0,30.0,0.3690707696327959,0.3778220866892341,0.372427709243965,0.3814879700415939,357.6,1000.0,300.0
40.0,3.0,30.0,0.36921890644323196,0.3804711784612253,0.37551347913085115,0.38294803417023615,663.1,10.0,3.0
40.0,3.0,30.0,0.36762988878535474,0.37856901740847676,0.37379299447929054,0.3809788100281872,374.0,10.0,10.0
40.0,3.0,30.0,0.3673132112542124,0.37773900321672016,0.3732976935267913,0.38161515389911693,218.3,10.0,30.0
40.0,3.0,30.0,0.3684032444442086,0.37815423803838355,0.37474003133608896,0.3833912978554881,630.3,30.0,3.0
40.0,3.0,30.0,0.36678159564255186,0.3773233114398476,0.37303531830313885,0.38053273616605743,352.5,30.0,10.0
40.0,3.0,30.0,0.36649721333882673,0.3774064864240916,0.3726090434046501,0.3799584431205187,205.5,30.0,30.0
40.0,3.0,30.0,0.3688733178838215,0.3788176670362103,0.3749869846898795,0.38256768509360073,565.0,100.0,3.0
40.0,3.0,30.0,0.36724173896767615,0.37840316021873804,0.3733043745147445,0.3805964930126414,312.3,100.0,10.0
20.0,5.0,30.0,0.37006544680775444,0.3791489462136752,0.37451996104769736,0.3823773686809805,889.0,10.0,3.0
20.0,5.0,30.0,0.3684131141628966,0.3774896430817988,0.372784565674892,0.37931931997146584,514.9,10.0,10.0
20.0,5.0,30.0,0.36817120773449924,0.3779051518956218,0.37239127551423246,0.3801499705340701,297.4,10.0,30.0
20.0,5.0,30.0,0.36904925274203887,0.37823723030055656,0.3734664472170563,0.38244081800833685,571.5,30.0,3.0
20.0,5.0,30.0,0.3673651049054503,0.3772401181169447,0.37173426640795487,0.3798307045244997,312.4,30.0,10.0
20.0,5.0,30.0,0.36717689304506035,0.37765590146602435,0.3714278415872739,0.38078769950197655,188.7,30.0,30.0
20.0,5.0,30.0,0.3693913448410539,0.37823723030055656,0.3735517131791082,0.3827579068763471,564.3,100.0,3.0
20.0,5.0,30.0,0.3676991746255419,0.3779881988479254,0.3718395103108073,0.380086138786406,313.6,100.0,10.0
