climber,route,env,climber_grade,env_grade,devRMSE_A,devRMSE_r_A,devRMSE_B,devRMSE_r_B,sec
40.0,3.0,30.0,100.0,100.0,0.3672265612499597,0.3788176670362103,0.3729562155332437,0.3801499705340701,363.9
40.0,3.0,30.0,100.0,300.0,0.3674269079358113,0.3793144773048242,0.3730225871812244,0.3805964930126414,443.4
40.0,3.0,30.0,300.0,30.0,0.3673841741890925,0.3789005139846116,0.3731968499847516,0.3800222963170237,446.1
40.0,3.0,30.0,300.0,100.0,0.3676453176714487,0.3789833428224105,0.3732447933903127,0.3798307045244997,437.4
40.0,3.0,30.0,300.0,300.0,0.3678552877172784,0.3790661535614786,0.3733232655814613,0.3801499705340701,441.2
40.0,3.0,30.0,1000.0,30.0,0.3675805450262022,0.3786519187600472,0.3733236250935504,0.3798945791914819,354.8
40.0,3.0,30.0,1000.0,100.0,0.3678482603332087,0.3781542380383835,0.3733813333610281,0.3799584431205187,350.9
40.0,3.0,30.0,1000.0,300.0,0.3680621633883357,0.378486097898686,0.3734648523021996,0.3800222963170237,382.0
20.0,5.0,30.0,100.0,100.0,0.3680702797062536,0.3786519187600472,0.3718336834393917,0.3805964930126414,366.4
20.0,5.0,30.0,100.0,300.0,0.3684633932141243,0.3789005139846116,0.3720202660778959,0.3820599639872175,376.5
20.0,5.0,30.0,300.0,30.0,0.3679096364303555,0.3773233114398476,0.3718179281946787,0.3806602391805808,365.6
20.0,5.0,30.0,300.0,100.0,0.3684592568016582,0.3775727814250779,0.3720862484023742,0.3810424922367436,361.7
20.0,5.0,30.0,300.0,300.0,0.3688715132043061,0.3779881988479254,0.3722946481312544,0.3811061638041087,355.1
20.0,5.0,30.0,1000.0,30.0,0.3680892960601262,0.3770736764066072,0.371925768119074,0.3803414015007311,366.7
20.0,5.0,30.0,1000.0,100.0,0.3686506445763394,0.3779881988479254,0.3722100455478602,0.3808514136661473,362.1
20.0,5.0,30.0,1000.0,300.0,0.3690707696327959,0.3778220866892341,0.372427709243965,0.3814879700415939,357.6
40.0,3.0,30.0,10.0,3.0,0.36921890644323196,0.3804711784612253,0.37551347913085115,0.38294803417023615,663.1
40.0,3.0,30.0,10.0,10.0,0.36762988878535474,0.37856901740847676,0.37379299447929054,0.3809788100281872,374.0
40.0,3.0,30.0,10.0,30.0,0.3673132112542124,0.37773900321672016,0.3732976935267913,0.38161515389911693,218.3
40.0,3.0,30.0,30.0,3.0,0.3684032444442086,0.37815423803838355,0.37474003133608896,0.3833912978554881,630.3
40.0,3.0,30.0,30.0,10.0,0.36678159564255186,0.3773233114398476,0.37303531830313885,0.38053273616605743,352.5
40.0,3.0,30.0,30.0,30.0,0.36649721333882673,0.3774064864240916,0.3726090434046501,0.3799584431205187,205.5
40.0,3.0,30.0,100.0,3.0,0.3688733178838215,0.3788176670362103,0.3749869846898795,0.38256768509360073,565.0
40.0,3.0,30.0,100.0,10.0,0.36724173896767615,0.37840316021873804,0.3733043745147445,0.3805964930126414,312.3
40.0,3.0,30.0,100.0,30.0,0.3669815655511164,0.37807122755817407,0.37293207398973227,0.3797029229550217,189.3
20.0,5.0,30.0,10.0,3.0,0.37006544680775444,0.3791489462136752,0.37451996104769736,0.3823773686809805,889.0
20.0,5.0,30.0,10.0,10.0,0.3684131141628966,0.3774896430817988,0.372784565674892,0.37931931997146584,514.9
20.0,5.0,30.0,10.0,30.0,0.36817120773449924,0.3779051518956218,0.37239127551423246,0.3801499705340701,297.4
20.0,5.0,30.0,30.0,3.0,0.36904925274203887,0.37823723030055656,0.3734664472170563,0.38244081800833685,571.5
20.0,5.0,30.0,30.0,10.0,0.3673651049054503,0.3772401181169447,0.37173426640795487,0.3798307045244997,312.4
20.0,5.0,30.0,30.0,30.0,0.36717689304506035,0.37765590146602435,0.3714278415872739,0.38078769950197655,188.7
20.0,5.0,30.0,100.0,3.0,0.3693913448410539,0.37823723030055656,0.3735517131791082,0.3827579068763471,564.3
20.0,5.0,30.0,100.0,10.0,0.3676991746255419,0.3779881988479254,0.3718395103108073,0.380086138786406,313.6
20.0,5.0,30.0,100.0,30.0,0.3675494410233744,0.37807122755817407,0.37160364723238415,0.38085141366614733,183.7
