source,mse_reduction,share_of_total
climber,0.0014204367041987217,0.133877918233805
route,0.008959411357362498,0.8444356144687405
env,1.3056214611663801e-05,0.001230564394074399
fixed (grade scale),0.00021703590618089852,0.020455902903379966
subset:,0.00021703590618089852,
subset:climber,0.0013313216613129036,
subset:route,0.008847073431185543,
subset:env,0.00025541785262694905,
subset:climber+route,0.010599681167534722,
subset:climber+env,0.0012986264605916453,
subset:route+env,0.00886082399704656,
subset:climber+route+env,0.010609940182353783,
