setting,protocol,split,logs,climbers,routes,setters,date_min,date_max,disagree,softer,harder,new_route,new_climber_logs,climber_hist_median,route_hist_median
indoor,A,train,131868,2829,22231,349.0,2018-09-01,2019-12-31,0.08424333424333424,0.03918312251645585,0.045060211726878394,0.13977613977613979,0.02924894591561258,26.0,4.0
indoor,A,dev,15930,2829,9451,348.0,2018-09-03,2019-12-31,0.07821720025109856,0.03709981167608286,0.04111738857501569,0.13364720652856246,0.0015065913370998117,64.0,4.0
indoor,A,test,38352,2829,14356,349.0,2018-09-03,2020-01-01,0.07890070921985816,0.03825093867334168,0.04064977054651648,0.13454317897371715,0.0008865248226950354,78.0,4.0
indoor,B,train,113405,2251,15643,318.0,2018-09-01,2019-06-30,0.08450244698205546,0.03848154843260879,0.04602089854944667,0.1382214188086945,0.0238878356333495,30.0,4.0
indoor,B,dev,20607,1372,6284,316.0,2019-07-01,2019-08-31,0.0765273936041151,0.034308730043189205,0.0422186635609259,0.13728344737225215,0.012034745474838647,51.0,4.0
indoor,B,test,52138,1786,11074,334.0,2019-09-01,2020-01-01,0.08095822624573248,0.041313437416088075,0.0396447888296444,0.13842111319958572,0.018374314319690055,55.0,4.0
outdoor,A,train,111414,2624,10682,,2010-01-01,2020-11-01,0.08257490082036369,0.043477480388461054,0.03909742043190263,0.08976430251135405,0.06232609905397885,22.0,7.0
outdoor,A,dev,13584,2624,6498,,2013-09-29,2020-11-01,0.06875736160188457,0.029961719670200237,0.03879564193168433,0.024146054181389872,0.005962897526501767,55.0,10.0
outdoor,A,test,32569,2624,9392,,2013-09-29,2020-11-02,0.05984218121526605,0.026098437164174523,0.033743744051091526,0.015720470385949828,0.0034388528969265253,68.0,11.0
outdoor,B,train,49532,1440,8730,,2010-01-01,2017-12-31,0.09575627876928046,0.05313736574335783,0.04261891302592263,0.17824840507146894,0.09650327061293709,19.0,3.0
outdoor,B,dev,45022,1634,9838,,2018-01-01,2018-12-31,0.09757451912398384,0.054328994713695525,0.043245524410288304,0.037603838123584025,0.01763582248678424,34.0,7.0
outdoor,B,test,63013,1930,10341,,2019-01-01,2020-11-02,0.04676812721184517,0.016234745211305603,0.03053338200053957,0.005062447431482393,0.02480440544014727,42.0,13.0
