kind,stratum,model,n,dis_rate,RMSE,RMSE_r,RMSE_dis
route,0,B0-official,7217,0.12553692670084524,0.5381394002796082,0.5381394002796082,1.5188295714490707
route,0,B1-LR[],7217,0.12553692670084524,0.536578649463506,0.5381394002796082,1.5108160882258372
route,0,B1-LR[climber],7217,0.12553692670084524,0.5253392348025429,0.5316633593457211,1.4691979404865565
route,0,B1-LR[route],7217,0.12553692670084524,0.5371332278419867,0.5381394002796082,1.5151314710743937
route,0,B1-LR[setter],7217,0.12553692670084524,0.5328636156978998,0.5374953074093247,1.4808625957045625
route,0,B1-LR[climber+route],7217,0.12553692670084524,0.5268514952225132,0.5358170424751246,1.4795017063124782
route,0,B1-LR[climber+setter],7217,0.12553692670084524,0.5276797851228466,0.5356877273911912,1.4613440894597463
route,0,B1-LR[route+setter],7217,0.12553692670084524,0.5337409059953546,0.5381394002796082,1.5039917411269483
route,0,B1-LR,7217,0.12553692670084524,0.5260242166192369,0.5341335044036599,1.4766639392750462
route,0,B1-RF,7217,0.12553692670084524,0.5292628124349,0.5341333279803331,1.4874581607019843
route,0,B2-SVD,7217,0.12553692670084524,0.5257321881030349,0.5308809257218374,1.4685511236765003
route,0,B3-GBM,7217,0.12553692670084524,0.5183353946664129,0.5233098653310699,1.4443049918908546
route,0,B3-GBM[-climber],7217,0.12553692670084524,0.5314415445960952,0.5358170424751246,1.4958168033121655
route,0,PACE-GBM,7217,0.12553692670084524,0.51573272893907,0.5206019955976269,1.4355424698687353
route,0,PACE-GBM[-climber],7217,0.12553692670084524,0.5281509955265768,0.5327568257391688,1.484602723825688
route,0,PACE,7217,0.12553692670084524,0.5202522312166121,0.5248435173932869,1.4499787555046169
route,0,PACE-X,7217,0.12553692670084524,0.5169556568092246,0.5207353494271305,1.4369695744243207
route,0,PACE[],7217,0.12553692670084524,0.5365638713296838,0.5381394002796082,1.5107380199758047
route,0,PACE[climber],7217,0.12553692670084524,0.5199087849236135,0.5241830873878951,1.450077847027002
route,0,PACE[route],7217,0.12553692670084524,0.5367146702494388,0.5381394002796082,1.5119322172075187
route,0,PACE[env],7217,0.12553692670084524,0.5308717775660489,0.5343928554771623,1.487075118476483
route,0,PACE[climber+route],7217,0.12553692670084524,0.5212832894335379,0.5300973372124904,1.4575483434731307
route,0,PACE[climber+env],7217,0.12553692670084524,0.5201990007877186,0.5244473591906116,1.445568297999274
route,0,PACE[route+env],7217,0.12553692670084524,0.5303707284215543,0.5351701545868731,1.4883939624934712
route,0,PACE-day,7217,0.12553692670084524,0.5234267398865302,0.5291816841265579,1.459607326396614
route,0,PACE-k4,7217,0.12553692670084524,0.5221090737399848,0.5243152399394433,1.4393189460753537
route,0,PACE-sep,7217,0.12553692670084524,0.5193226403107724,0.5256349380751434,1.4365912101922316
route,0,PACE-static,7217,0.12553692670084524,0.5320031795845698,0.5347816462564758,1.4878200117796483
route,0,PACE-noU,7217,0.12553692670084524,0.5318248253238903,0.535946326357444,1.493091940100676
route,0,PACE-G,7217,0.12553692670084524,0.5203163981422771,0.5247114978924201,1.4513822929005324
route,0,PACE-G*,7217,0.12553692670084524,0.5203163981422771,0.5247114978924201,1.4513822929005324
route,1-2,B0-official,11852,0.1018393520080999,0.4862260737584575,0.4862260737584575,1.5236332106937944
route,1-2,B1-LR[],11852,0.1018393520080999,0.48457763199996323,0.4862260737584575,1.5143923205785779
route,1-2,B1-LR[climber],11852,0.1018393520080999,0.47469527123086547,0.48221840831472157,1.4720292576038077
route,1-2,B1-LR[route],11852,0.1018393520080999,0.4323490132462851,0.44689274841497784,1.3253645170174921
route,1-2,B1-LR[setter],11852,0.1018393520080999,0.46440532361378395,0.47543432724983786,1.4247083445181865
route,1-2,B1-LR[climber+route],11852,0.1018393520080999,0.4251218568673426,0.4386991785812733,1.294091281932088
route,1-2,B1-LR[climber+setter],11852,0.1018393520080999,0.4611332131920939,0.4742793883759572,1.4098702758026438
route,1-2,B1-LR[route+setter],11852,0.1018393520080999,0.4302905402517012,0.4451902936610707,1.318363316351873
route,1-2,B1-LR,11852,0.1018393520080999,0.42471083401281723,0.43735081348195104,1.293172664600034
route,1-2,B1-RF,11852,0.1018393520080999,0.4263234361862591,0.4396971919466147,1.3114802703245376
route,1-2,B2-SVD,11852,0.1018393520080999,0.4673904050377411,0.4778060621731095,1.4410545842739348
route,1-2,B3-GBM,11852,0.1018393520080999,0.3885585535986904,0.40482924847206414,1.1151970534603473
route,1-2,B3-GBM[-climber],11852,0.1018393520080999,0.4001350708966892,0.41505984440376925,1.1693508068427294
route,1-2,PACE-GBM,11852,0.1018393520080999,0.3864172659895914,0.40200610579332974,1.1131331874649733
route,1-2,PACE-GBM[-climber],11852,0.1018393520080999,0.3984763125043178,0.41465179830197296,1.1679124574112516
route,1-2,PACE,11852,0.1018393520080999,0.42201374303192773,0.43454446221172754,1.2801256859249048
route,1-2,PACE-X,11852,0.1018393520080999,0.41704004230465913,0.4272011747870706,1.2571974641054937
route,1-2,PACE[],11852,0.1018393520080999,0.4845520321332649,0.4862260737584575,1.5142715567058311
route,1-2,PACE[climber],11852,0.1018393520080999,0.4700654880011516,0.4785299234258029,1.4524279556091062
route,1-2,PACE[route],11852,0.1018393520080999,0.4364763601112084,0.4516815247466986,1.3427797715709056
route,1-2,PACE[env],11852,0.1018393520080999,0.4727558969970051,0.48064109510290653,1.467783879312928
route,1-2,PACE[climber+route],11852,0.1018393520080999,0.4261259920893256,0.441765702084607,1.298919601364752
route,1-2,PACE[climber+env],11852,0.1018393520080999,0.4656141478395944,0.4742793883759572,1.4318192210700391
route,1-2,PACE[route+env],11852,0.1018393520080999,0.42863344222793587,0.4409053980508456,1.3107122848308435
route,1-2,PACE-day,11852,0.1018393520080999,0.4287058685993467,0.4410010702659352,1.302844798286451
route,1-2,PACE-k4,11852,0.1018393520080999,0.4167500081499983,0.4300554477667945,1.2388455824038265
route,1-2,PACE-sep,11852,0.1018393520080999,0.42142991186359907,0.43657844941169377,1.2563038938699864
route,1-2,PACE-static,11852,0.1018393520080999,0.4762207556468935,0.4809043399031644,1.4732264147288403
route,1-2,PACE-noU,11852,0.1018393520080999,0.4311416825793189,0.4450007299762316,1.3211779056023012
route,1-2,PACE-G,11852,0.1018393520080999,0.422489682295069,0.43541733445834546,1.2832446867875653
route,1-2,PACE-G*,11852,0.1018393520080999,0.422489682295069,0.43541733445834546,1.2832446867875653
route,3-4,B0-official,8892,0.08794421952316689,0.4605439878364972,0.4605439878364972,1.5529857391110689
route,3-4,B1-LR[],8892,0.08794421952316689,0.45871022693100866,0.4605439878364972,1.5425737636442887
route,3-4,B1-LR[climber],8892,0.08794421952316689,0.4468379571653063,0.45452193943999963,1.4894952173304874
route,3-4,B1-LR[route],8892,0.08794421952316689,0.38437374722858564,0.39480431272230243,1.2315675905362895
route,3-4,B1-LR[setter],8892,0.08794421952316689,0.42950660057783935,0.44070344129231803,1.4122837039709302
route,3-4,B1-LR[climber+route],8892,0.08794421952316689,0.376986534403957,0.3892100723669017,1.19769343498789
route,3-4,B1-LR[climber+setter],8892,0.08794421952316689,0.4255072776209211,0.43375874477981935,1.3942720742121613
route,3-4,B1-LR[route+setter],8892,0.08794421952316689,0.3831738856754799,0.3909399034342312,1.2277874262194315
route,3-4,B1-LR,8892,0.08794421952316689,0.37693299137088454,0.3893545184926268,1.1984520109426946
route,3-4,B1-RF,8892,0.08794421952316689,0.37498076476688774,0.38338720059692244,1.213974640208559
route,3-4,B2-SVD,8892,0.08794421952316689,0.42688721392288664,0.43613742556337043,1.40495059921483
route,3-4,B3-GBM,8892,0.08794421952316689,0.35175880134109855,0.36979885294864945,1.1023195489277584
route,3-4,B3-GBM[-climber],8892,0.08794421952316689,0.359977908640638,0.3731888033813656,1.150061333083274
route,3-4,PACE-GBM,8892,0.08794421952316689,0.34942584903442436,0.36492909937263585,1.0985040198108975
route,3-4,PACE-GBM[-climber],8892,0.08794421952316689,0.36019073398924284,0.3734002329607158,1.1527450378530084
route,3-4,PACE,8892,0.08794421952316689,0.3738074145386774,0.3883422673353884,1.186317355096233
route,3-4,PACE-X,8892,0.08794421952316689,0.37027312801599666,0.38689160007866025,1.1647006759701355
route,3-4,PACE[],8892,0.08794421952316689,0.4586665902948215,0.4605439878364972,1.5423823240468568
route,3-4,PACE[climber],8892,0.08794421952316689,0.4390830647238246,0.44476765126045004,1.4588083637421498
route,3-4,PACE[route],8892,0.08794421952316689,0.38718945281757877,0.3967932639133375,1.250030403000674
route,3-4,PACE[env],8892,0.08794421952316689,0.44133699178621544,0.4525382008315716,1.4708733221898114
route,3-4,PACE[climber+route],8892,0.08794421952316689,0.3773473376835381,0.3913711665586714,1.2063471867463564
route,3-4,PACE[climber+env],8892,0.08794421952316689,0.43225917779501033,0.43711626060025677,1.4264952694254567
route,3-4,PACE[route+env],8892,0.08794421952316689,0.3807630773584126,0.3926621139892199,1.2182935705255675
route,3-4,PACE-day,8892,0.08794421952316689,0.3789167049773462,0.39165841149022723,1.2052571074445444
route,3-4,PACE-k4,8892,0.08794421952316689,0.370374674719482,0.38132873736177,1.1396212837180524
route,3-4,PACE-sep,8892,0.08794421952316689,0.37480109825855346,0.3887764119844716,1.1527944686706375
route,3-4,PACE-static,8892,0.08794421952316689,0.450728249144799,0.45303494982946024,1.4939643228577086
route,3-4,PACE-noU,8892,0.08794421952316689,0.3841029427682878,0.39394883108275747,1.2340209768718635
route,3-4,PACE-G,8892,0.08794421952316689,0.37436084473379444,0.3905081640386494,1.1905620802876806
route,3-4,PACE-G*,8892,0.08794421952316689,0.37436084473379444,0.3905081640386494,1.1905620802876806
route,5-9,B0-official,13327,0.06760711337885496,0.39808953233661404,0.39808953233661404,1.5310330346413665
route,5-9,B1-LR[],13327,0.06760711337885496,0.39614905162811487,0.39808953233661404,1.5187564228229735
route,5-9,B1-LR[climber],13327,0.06760711337885496,0.3854430639275775,0.39506219157776507,1.4606487603660527
route,5-9,B1-LR[route],13327,0.06760711337885496,0.33253465868307935,0.34202421810266614,1.1493134120181667
route,5-9,B1-LR[setter],13327,0.06760711337885496,0.3617170578490574,0.37508909424108006,1.3439605593715322
route,5-9,B1-LR[climber+route],13327,0.06760711337885496,0.327985206060719,0.3388281749689252,1.120879583058773
route,5-9,B1-LR[climber+setter],13327,0.06760711337885496,0.3593244837622607,0.3691405230325286,1.32932963795458
route,5-9,B1-LR[route+setter],13327,0.06760711337885496,0.330024205500104,0.34037483916968864,1.1439101300230043
route,5-9,B1-LR,13327,0.06760711337885496,0.32707788010259553,0.3382740810986307,1.120769155206159
route,5-9,B1-RF,13327,0.06760711337885496,0.3247478510521773,0.3345485283011909,1.1556329142253468
route,5-9,B2-SVD,13327,0.06760711337885496,0.36659552207457835,0.37484862522249246,1.3243353231462658
route,5-9,B3-GBM,13327,0.06760711337885496,0.3110469824289056,0.32374263496998,1.0999141439373135
route,5-9,B3-GBM[-climber],13327,0.06760711337885496,0.31502434135221125,0.3233255168858474,1.1408068177811679
route,5-9,PACE-GBM,13327,0.06760711337885496,0.31055897508125374,0.3218131643515484,1.0959190120905407
route,5-9,PACE-GBM[-climber],13327,0.06760711337885496,0.3158175541264022,0.32466807733233904,1.136781962971912
route,5-9,PACE,13327,0.06760711337885496,0.32688421103323456,0.33727441819051995,1.1110591878259517
route,5-9,PACE-X,13327,0.06760711337885496,0.32629306192194374,0.3373856381171013,1.09691990520041
route,5-9,PACE[],13327,0.06760711337885496,0.39609231688692587,0.39808953233661404,1.5184848287034256
route,5-9,PACE[climber],13327,0.06760711337885496,0.37823570179143096,0.3864206612495432,1.4213470799944175
route,5-9,PACE[route],13327,0.06760711337885496,0.33283106612099667,0.3436656811462106,1.161646197177066
route,5-9,PACE[env],13327,0.06760711337885496,0.3734216751710316,0.3831053583740602,1.409314551512153
route,5-9,PACE[climber+route],13327,0.06760711337885496,0.32865971834576935,0.3413654228494161,1.1280324000187392
route,5-9,PACE[climber+env],13327,0.06760711337885496,0.37025708047798356,0.37807789921720014,1.3743923038762729
route,5-9,PACE[route+env],13327,0.06760711337885496,0.3291251776523616,0.34070535373777316,1.1349481065276925
route,5-9,PACE-day,13327,0.06760711337885496,0.32970415210037307,0.33960238757447214,1.1239789313596515
route,5-9,PACE-k4,13327,0.06760711337885496,0.3309299614186005,0.3397128453388419,1.0813466971321484
route,5-9,PACE-sep,13327,0.06760711337885496,0.3382974665345659,0.34268174684438574,1.0863738599528818
route,5-9,PACE-static,13327,0.06760711337885496,0.3921618408533602,0.3943017246713327,1.444157264963138
route,5-9,PACE-noU,13327,0.06760711337885496,0.33197974031192323,0.342243534712637,1.1517978927501424
route,5-9,PACE-G,13327,0.06760711337885496,0.3271022461886254,0.3373856381171013,1.1159231875093591
route,5-9,PACE-G*,13327,0.06760711337885496,0.3271022461886254,0.3373856381171013,1.1159231875093591
route,10+,B0-official,10850,0.03917050691244239,0.2728920044320634,0.2728920044320634,1.37883155990434
route,10+,B1-LR[],10850,0.03917050691244239,0.27042730127037434,0.2728920044320634,1.3592516493573463
route,10+,B1-LR[climber],10850,0.03917050691244239,0.26368822754206184,0.27017659355515816,1.305350658753064
route,10+,B1-LR[route],10850,0.03917050691244239,0.25269499015457353,0.2606266818288296,1.0935869057327035
route,10+,B1-LR[setter],10850,0.03917050691244239,0.25027238047161043,0.25436285269176606,1.2100400743306707
route,10+,B1-LR[climber+route],10850,0.03917050691244239,0.25207012554274894,0.25796080865480964,1.076768632655674
route,10+,B1-LR[climber+setter],10850,0.03917050691244239,0.2493433782899055,0.2530914845252019,1.2011716349292791
route,10+,B1-LR[route+setter],10850,0.03917050691244239,0.24995931003301902,0.2583178480072144,1.0879100509988564
route,10+,B1-LR,10850,0.03917050691244239,0.25075884322839953,0.25706604075364714,1.0765143531699415
route,10+,B1-RF,10850,0.03917050691244239,0.24825624955602046,0.2581750076258643,1.118464783715948
route,10+,B2-SVD,10850,0.03917050691244239,0.26802059425501656,0.268292991295111,1.1693705822674827
route,10+,B3-GBM,10850,0.03917050691244239,0.2321026418649208,0.23788434430784416,1.1174489505656093
route,10+,B3-GBM[-climber],10850,0.03917050691244239,0.2329652811876875,0.23726532470585449,1.1353254049153234
route,10+,PACE-GBM,10850,0.03917050691244239,0.23296525885531355,0.23811756482181395,1.113803600138678
route,10+,PACE-GBM[-climber],10850,0.03917050691244239,0.23428387532713382,0.2380402041682932,1.1275264124296993
route,10+,PACE,10850,0.03917050691244239,0.2536343115484366,0.25813939005982955,1.079201116525551
route,10+,PACE-X,10850,0.03917050691244239,0.25383924198038,0.260449805879153,1.069729333707927
route,10+,PACE[],10850,0.03917050691244239,0.2703959031853305,0.2728920044320634,1.3590367362264906
route,10+,PACE[climber],10850,0.03917050691244239,0.26629109964401493,0.2698352458590873,1.3097790406621488
route,10+,PACE[route],10850,0.03917050691244239,0.2526779281830604,0.2608034378219035,1.0985861408109407
route,10+,PACE[env],10850,0.03917050691244239,0.26408519977516637,0.2679500606886318,1.2970855137076684
route,10+,PACE[climber+route],10850,0.03917050691244239,0.2537504558455825,0.25867439455097474,1.0854183197922913
route,10+,PACE[climber+env],10850,0.03917050691244239,0.2649173870510545,0.2694934658031602,1.2815494939410332
route,10+,PACE[route+env],10850,0.03917050691244239,0.25258234208325575,0.2609800741021065,1.090632828533551
route,10+,PACE-day,10850,0.03917050691244239,0.25399639234871835,0.25813939005982955,1.0806498736192547
route,10+,PACE-k4,10850,0.03917050691244239,0.25884721875846456,0.25920829479815244,1.06598624554101
route,10+,PACE-sep,10850,0.03917050691244239,0.2665846477664337,0.2722156911136448,1.0680653144756524
route,10+,PACE-static,10850,0.03917050691244239,0.2776888281209736,0.2772478303738455,1.243134329046832
route,10+,PACE-noU,10850,0.03917050691244239,0.2531377511396186,0.2609800741021065,1.0970430706878327
route,10+,PACE-G,10850,0.03917050691244239,0.2535299371730013,0.26115659091234616,1.0842611947408678
route,10+,PACE-G*,10850,0.03917050691244239,0.2535299371730013,0.26115659091234616,1.0842611947408678
climber,0-4,B0-official,2539,0.0968885387948011,0.4981256716114851,0.4981256716114851,1.6003048490072438
climber,0-4,B1-LR[],2539,0.0968885387948011,0.49542233875094527,0.4981256716114851,1.5880946002109295
climber,0-4,B1-LR[climber],2539,0.0968885387948011,0.49497367916123597,0.4981256716114851,1.5861867578066136
climber,0-4,B1-LR[route],2539,0.0968885387948011,0.42822632632285546,0.44020117854181423,1.3326909213596232
climber,0-4,B1-LR[setter],2539,0.0968885387948011,0.46815312413841975,0.48000590780137503,1.4725718808370014
climber,0-4,B1-LR[climber+route],2539,0.0968885387948011,0.4288921603706087,0.4393055495803388,1.3361544819014264
climber,0-4,B1-LR[climber+setter],2539,0.0968885387948011,0.4696140456656482,0.48327685472645693,1.4804672755679933
climber,0-4,B1-LR[route+setter],2539,0.0968885387948011,0.4276666517489199,0.4384080909319133,1.3299919165207612
climber,0-4,B1-LR,2539,0.0968885387948011,0.42842779962534305,0.44020117854181423,1.3343412848948952
climber,0-4,B1-RF,2539,0.0968885387948011,0.42563477008608264,0.4408268911608402,1.3417006359404497
climber,0-4,B2-SVD,2539,0.0968885387948011,0.4788566922311343,0.48441541743473265,1.5208315000104706
climber,0-4,B3-GBM,2539,0.0968885387948011,0.39337634617534656,0.39909047892477784,1.2135360420697567
climber,0-4,B3-GBM[-climber],2539,0.0968885387948011,0.395561400535953,0.39928855735732194,1.2298468849301938
climber,0-4,PACE-GBM,2539,0.0968885387948011,0.39540857722527306,0.40282246179145753,1.2210724550554586
climber,0-4,PACE-GBM[-climber],2539,0.0968885387948011,0.39631781936577354,0.40379806852495526,1.2303882068586325
climber,0-4,PACE,2539,0.0968885387948011,0.4263882863574593,0.4311611770723509,1.3212520416556637
climber,0-4,PACE-X,2539,0.0968885387948011,0.4252447901006671,0.42841198106712536,1.3126382544177735
climber,0-4,PACE[],2539,0.0968885387948011,0.49537537341610455,0.4981256716114851,1.5879189362226864
climber,0-4,PACE[climber],2539,0.0968885387948011,0.4882021181782721,0.4981256716114851,1.56063273747125
climber,0-4,PACE[route],2539,0.0968885387948011,0.4313415375121683,0.44287719819624755,1.3462128875168695
climber,0-4,PACE[env],2539,0.0968885387948011,0.48109544920152403,0.4925598469584809,1.5276313103821972
climber,0-4,PACE[climber+route],2539,0.0968885387948011,0.43116166187552657,0.4419869918726564,1.344172531699201
climber,0-4,PACE[climber+env],2539,0.0968885387948011,0.47953030755876513,0.4925598469584809,1.520701186602044
climber,0-4,PACE[route+env],2539,0.0968885387948011,0.42646652232456284,0.4325292223199413,1.3220844756626586
climber,0-4,PACE-day,2539,0.0968885387948011,0.43239677569331403,0.43975359207270026,1.3432642351612611
climber,0-4,PACE-k4,2539,0.0968885387948011,0.4264441972588429,0.4261074351358613,1.2761106933495376
climber,0-4,PACE-sep,2539,0.0968885387948011,0.42507600936664974,0.43298427686170377,1.2985385571950037
climber,0-4,PACE-static,2539,0.0968885387948011,0.48793341329488976,0.4873346661195882,1.5466330708425264
climber,0-4,PACE-noU,2539,0.0968885387948011,0.4296474659373594,0.4375087913368668,1.334832648924634
climber,0-4,PACE-G,2539,0.0968885387948011,0.42823290760563576,0.43479973252578014,1.3291737652403326
climber,0-4,PACE-G*,2539,0.0968885387948011,0.42823290760563576,0.43479973252578014,1.3291737652403326
climber,5-9,B0-official,2252,0.10257548845470693,0.5161684222636018,0.5161684222636018,1.6116459280507607
climber,5-9,B1-LR[],2252,0.10257548845470693,0.512623344843802,0.5161684222636018,1.597596176000616
climber,5-9,B1-LR[climber],2252,0.10257548845470693,0.5011537752587236,0.5148763841364113,1.5563289884718514
climber,5-9,B1-LR[route],2252,0.10257548845470693,0.435652897362647,0.44352455622161535,1.3107054993453475
climber,5-9,B1-LR[setter],2252,0.10257548845470693,0.4742201909993689,0.4941936396429925,1.4510540549231068
climber,5-9,B1-LR[climber+route],2252,0.10257548845470693,0.4290823238721928,0.4430236813512463,1.2887122100519146
climber,5-9,B1-LR[climber+setter],2252,0.10257548845470693,0.4708424342354882,0.49194217627251385,1.440703031273946
climber,5-9,B1-LR[route+setter],2252,0.10257548845470693,0.4326917441093802,0.44252223955914405,1.3022285389366282
climber,5-9,B1-LR,2252,0.10257548845470693,0.42792670615284517,0.4415176474811626,1.2858694754181235
climber,5-9,B1-RF,2252,0.10257548845470693,0.427430491337167,0.43869224773723403,1.3009161251108796
climber,5-9,B2-SVD,2252,0.10257548845470693,0.4803779477399647,0.49813106930168144,1.4666009243699272
climber,5-9,B3-GBM,2252,0.10257548845470693,0.37813947620844257,0.3888977222816884,1.1243691183345441
climber,5-9,B3-GBM[-climber],2252,0.10257548845470693,0.3933117568740094,0.4073024062500251,1.196370741544364
climber,5-9,PACE-GBM,2252,0.10257548845470693,0.3749118120523653,0.38718220759132776,1.1205828838432108
climber,5-9,PACE-GBM[-climber],2252,0.10257548845470693,0.39602910458967394,0.41152841208052793,1.2020416504294755
climber,5-9,PACE,2252,0.10257548845470693,0.4228337953893761,0.4333970896304884,1.260598849755682
climber,5-9,PACE-X,2252,0.10257548845470693,0.41879619752512587,0.4313430634261979,1.2423063088851054
climber,5-9,PACE[],2252,0.10257548845470693,0.5125583549821859,0.5161684222636018,1.5973782869011475
climber,5-9,PACE[climber],2252,0.10257548845470693,0.48469059677238985,0.5044209525145655,1.5005301951736925
climber,5-9,PACE[route],2252,0.10257548845470693,0.43886522219837415,0.4524454963593335,1.3247924325610188
climber,5-9,PACE[env],2252,0.10257548845470693,0.4898288485452069,0.5101109133042673,1.5108053332086744
climber,5-9,PACE[climber+route],2252,0.10257548845470693,0.42901909419168666,0.44949152247225166,1.288192817826272
climber,5-9,PACE[climber+env],2252,0.10257548845470693,0.4752355032733267,0.48968036118256403,1.457576732512756
climber,5-9,PACE[route+env],2252,0.10257548845470693,0.4305887885032968,0.4420202289159065,1.2904247902602557
climber,5-9,PACE-day,2252,0.10257548845470693,0.43298327096087197,0.44402486608877095,1.2962203288295993
climber,5-9,PACE-k4,2252,0.10257548845470693,0.4187055419412755,0.4166814680615548,1.196023202301589
climber,5-9,PACE-sep,2252,0.10257548845470693,0.4192897774764144,0.4313430634261979,1.2204860227064356
climber,5-9,PACE-static,2252,0.10257548845470693,0.508710462758136,0.518314661966982,1.562942617248782
climber,5-9,PACE-noU,2252,0.10257548845470693,0.43543058631108567,0.44502379843362455,1.3079274067033566
climber,5-9,PACE-G,2252,0.10257548845470693,0.42469515973953487,0.44000645885781003,1.269518014044386
climber,5-9,PACE-G*,2252,0.10257548845470693,0.42469515973953487,0.44000645885781003,1.269518014044386
climber,10-19,B0-official,6008,0.0853861517976032,0.4608508312694658,0.4608508312694658,1.5771269557958407
climber,10-19,B1-LR[],6008,0.0853861517976032,0.4582019152248421,0.4608508312694658,1.5640738383059667
climber,10-19,B1-LR[climber],6008,0.0853861517976032,0.45144700900784057,0.4592226976300734,1.5291068504129697
climber,10-19,B1-LR[route],6008,0.0853861517976032,0.38639136561416576,0.3951267726246101,1.2514977242027876
climber,10-19,B1-LR[setter],6008,0.0853861517976032,0.4217009100746586,0.4363631319853438,1.3970089359183977
climber,10-19,B1-LR[climber+route],6008,0.0853861517976032,0.3838419538789749,0.39322660614666516,1.234904813210894
climber,10-19,B1-LR[climber+setter],6008,0.0853861517976032,0.421517461308532,0.43291659431099067,1.3933732967116947
climber,10-19,B1-LR[route+setter],6008,0.0853861517976032,0.38338665520377696,0.39343818894709587,1.2403032676679868
climber,10-19,B1-LR,6008,0.0853861517976032,0.38251409389776886,0.39110448268737913,1.2306063180481959
climber,10-19,B1-RF,6008,0.0853861517976032,0.38165274258167603,0.38956800294516947,1.251666052265991
climber,10-19,B2-SVD,6008,0.0853861517976032,0.43840048295694956,0.45198908225144596,1.431631744968049
climber,10-19,B3-GBM,6008,0.0853861517976032,0.35891042824674624,0.37266773410824644,1.1381400060595628
climber,10-19,B3-GBM[-climber],6008,0.0853861517976032,0.35852928659752525,0.36681378635734874,1.1673369423248516
climber,10-19,PACE-GBM,6008,0.0853861517976032,0.3560986925920072,0.3681289879362737,1.1345700880374245
climber,10-19,PACE-GBM[-climber],6008,0.0853861517976032,0.3586239349628707,0.3669509984821075,1.1636386736351345
climber,10-19,PACE,6008,0.0853861517976032,0.3801466817160786,0.39301490943891465,1.2111895915196729
climber,10-19,PACE-X,6008,0.0853861517976032,0.37803277523289314,0.39067867474111,1.1953377989918381
climber,10-19,PACE[],6008,0.0853861517976032,0.4581426850812487,0.4608508312694658,1.5638446028953459
climber,10-19,PACE[climber],6008,0.0853861517976032,0.4409127012709135,0.452651604842155,1.4784911291231457
climber,10-19,PACE[route],6008,0.0853861517976032,0.3887963965887836,0.399733599704049,1.2655492596904314
climber,10-19,PACE[env],6008,0.0853861517976032,0.4333516451961648,0.44672949720731436,1.4548056362428248
climber,10-19,PACE[climber+route],6008,0.0853861517976032,0.38516371036787195,0.3995253508752738,1.2395444708483898
climber,10-19,PACE[climber+env],6008,0.0853861517976032,0.42975124575009443,0.4399718548073689,1.4222943521261964
climber,10-19,PACE[route+env],6008,0.0853861517976032,0.38133705501991555,0.39259117356428924,1.2269450355691542
climber,10-19,PACE-day,6008,0.0853861517976032,0.3835723097453501,0.39449440075076064,1.2246433631778293
climber,10-19,PACE-k4,6008,0.0853861517976032,0.38401813177904237,0.397646203714929,1.1676108344539269
climber,10-19,PACE-sep,6008,0.0853861517976032,0.3901925960118795,0.40118831477845945,1.1788012404018746
climber,10-19,PACE-static,6008,0.0853861517976032,0.454925810186988,0.4568607056796865,1.512069850033314
climber,10-19,PACE-noU,6008,0.0853861517976032,0.38457941860940753,0.3951267726246101,1.2437956799544714
climber,10-19,PACE-G,6008,0.0853861517976032,0.3799911174274635,0.39428338474167984,1.215620559402091
climber,10-19,PACE-G*,6008,0.0853861517976032,0.3799911174274635,0.39428338474167984,1.215620559402091
climber,20-49,B0-official,13589,0.0782986238869674,0.42504214921743566,0.42504214921743566,1.518990068126737
climber,20-49,B1-LR[],13589,0.0782986238869674,0.42218113283594166,0.42504214921743566,1.5043115164483645
climber,20-49,B1-LR[climber],13589,0.0782986238869674,0.41308966908437605,0.4223500582602238,1.4567436839354249
climber,20-49,B1-LR[route],13589,0.0782986238869674,0.37976174084001924,0.3891606641455599,1.2826103855494595
climber,20-49,B1-LR[setter],13589,0.0782986238869674,0.39589732085315754,0.4042783922878169,1.3727831507876285
climber,20-49,B1-LR[climber+route],13589,0.0782986238869674,0.3751170446826839,0.38488247630686767,1.2556078619606013
climber,20-49,B1-LR[climber+setter],13589,0.0782986238869674,0.39399515230190313,0.40272820440466284,1.3613647752582962
climber,20-49,B1-LR[route+setter],13589,0.0782986238869674,0.37656202147970275,0.3865994326795491,1.271420015190863
climber,20-49,B1-LR,13589,0.0782986238869674,0.3739302541526202,0.3843084529056823,1.2525642799784957
climber,20-49,B1-RF,13589,0.0782986238869674,0.3730844738274187,0.3820806194161127,1.2751775366840223
climber,20-49,B2-SVD,13589,0.0782986238869674,0.4078423492875351,0.4153034271045987,1.3874929153794888
climber,20-49,B3-GBM,13589,0.0782986238869674,0.35331757344325293,0.36604615985830924,1.1850755680317484
climber,20-49,B3-GBM[-climber],13589,0.0782986238869674,0.35741510039093605,0.3667903702028642,1.2148357972244215
climber,20-49,PACE-GBM,13589,0.0782986238869674,0.3528856656101856,0.3633832734485146,1.1826628409658337
climber,20-49,PACE-GBM[-climber],13589,0.0782986238869674,0.35668534370993615,0.36596683355817433,1.2088540294823618
climber,20-49,PACE,13589,0.0782986238869674,0.37329119503808594,0.3833498371624971,1.2412571569575679
climber,20-49,PACE-X,13589,0.0782986238869674,0.3708680296123214,0.3795881047869571,1.2237624176475463
climber,20-49,PACE[],13589,0.0782986238869674,0.4221296232536086,0.42504214921743566,1.5040813500883576
climber,20-49,PACE[climber],13589,0.0782986238869674,0.40934913594011646,0.4156763318536976,1.4349035846293279
climber,20-49,PACE[route],13589,0.0782986238869674,0.381067453999334,0.3911411383310758,1.2931642162025883
climber,20-49,PACE[env],13589,0.0782986238869674,0.4072006090898541,0.41505624960693366,1.431581410091492
climber,20-49,PACE[climber+route],13589,0.0782986238869674,0.37536728676604886,0.38887691590211354,1.2582511131226137
climber,20-49,PACE[climber+env],13589,0.0782986238869674,0.4042989137365308,0.411494997598743,1.4031585131249844
climber,20-49,PACE[route+env],13589,0.0782986238869674,0.3757370341956721,0.38507362728776395,1.2622228587542803
climber,20-49,PACE-day,13589,0.0782986238869674,0.3767085211614248,0.38555109012124283,1.2547290660112649
climber,20-49,PACE-k4,13589,0.0782986238869674,0.37479262689549797,0.38181104585504017,1.211858797689589
climber,20-49,PACE-sep,13589,0.0782986238869674,0.3817794880930696,0.3934858490473889,1.221996988369087
climber,20-49,PACE-static,13589,0.0782986238869674,0.4210197693611377,0.42356796002950786,1.4572136221584535
climber,20-49,PACE-noU,13589,0.0782986238869674,0.3775031164356379,0.38678973514378384,1.2717806172556663
climber,20-49,PACE-G,13589,0.0782986238869674,0.3733078110503083,0.3842126989605294,1.2448164141957336
climber,20-49,PACE-G*,13589,0.0782986238869674,0.3733078110503083,0.3842126989605294,1.2448164141957336
climber,50+,B0-official,27750,0.07809009009009009,0.413161835970728,0.413161835970728,1.4785030906349417
climber,50+,B1-LR[],27750,0.07809009009009009,0.412352826641251,0.413161835970728,1.4707797927945139
climber,50+,B1-LR[climber],27750,0.07809009009009009,0.4000553818139024,0.40656770321472574,1.4113715960883313
climber,50+,B1-LR[route],27750,0.07809009009009009,0.38099418549058034,0.38940934713953596,1.3061476689291793
climber,50+,B1-LR[setter],27750,0.07809009009009009,0.3985487364382372,0.40572479910970766,1.395498388968813
climber,50+,B1-LR[climber+route],27750,0.07809009009009009,0.37262177936928237,0.3833470424497298,1.2651305089329972
climber,50+,B1-LR[climber+setter],27750,0.07809009009009009,0.3935925850682736,0.40058515757385277,1.370968710276544
climber,50+,B1-LR[route+setter],27750,0.07809009009009009,0.3791571559520578,0.3879258775674633,1.301740714089642
climber,50+,B1-LR,27750,0.07809009009009009,0.3724077527397905,0.3824529647816451,1.2663951552247377
climber,50+,B1-RF,27750,0.07809009009009009,0.37306716386552535,0.38201912274061367,1.2889680076417407
climber,50+,B2-SVD,27750,0.07809009009009009,0.3917068734929174,0.3963344359212294,1.3585888579288696
climber,50+,B3-GBM,27750,0.07809009009009009,0.35602069594302954,0.36738145563583513,1.2054461640483303
climber,50+,B3-GBM[-climber],27750,0.07809009009009009,0.3673979875411021,0.37686225110718674,1.2636419506169811
climber,50+,PACE-GBM,27750,0.07809009009009009,0.3542094140115658,0.3647924072972194,1.1980249914883458
climber,50+,PACE-GBM[-climber],27750,0.07809009009009009,0.3661293419588345,0.37590477066743333,1.2583565272304362
climber,50+,PACE,27750,0.07809009009009009,0.3701780859475705,0.3789982053250907,1.2529811927507895
climber,50+,PACE-X,27750,0.07809009009009009,0.36737943068709045,0.37699618847692096,1.2345871012904168
climber,50+,PACE[],27750,0.07809009009009009,0.41233698878554575,0.413161835970728,1.4706690497087038
climber,50+,PACE[climber],27750,0.07809009009009009,0.39731911144938636,0.4006301342940949,1.3977089989604283
climber,50+,PACE[route],27750,0.07809009009009009,0.3820937281166875,0.39005659095078005,1.3147613384790273
climber,50+,PACE[env],27750,0.07809009009009009,0.40360452840796773,0.40771832707671385,1.4302091920211992
climber,50+,PACE[climber+route],27750,0.07809009009009009,0.37126843110948243,0.38046912720581777,1.261014410029752
climber,50+,PACE[climber+env],27750,0.07809009009009009,0.395883860177199,0.39923349983109807,1.3866471267402591
climber,50+,PACE[route+env],27750,0.07809009009009009,0.37781558065736337,0.3877400448010785,1.2934406973663617
climber,50+,PACE-day,27750,0.07809009009009009,0.3735236249904616,0.3825000736030077,1.2659742902379674
climber,50+,PACE-k4,27750,0.07809009009009009,0.3691079160957694,0.3774260860757381,1.231868298122726
climber,50+,PACE-sep,27750,0.07809009009009009,0.37231579268367027,0.3796631983009996,1.2343393209004772
climber,50+,PACE-static,27750,0.07809009009009009,0.40642338095279246,0.4087334865937254,1.412166472158989
climber,50+,PACE-noU,27750,0.07809009009009009,0.37963602068805685,0.3889000427400892,1.3024727584455977
climber,50+,PACE-G,27750,0.07809009009009009,0.3703357541494689,0.379235836676625,1.254882449115433
climber,50+,PACE-G*,27750,0.07809009009009009,0.3703357541494689,0.379235836676625,1.254882449115433
grade,5a to 5c+,B0-official,14950,0.08040133779264214,0.4713177996081039,0.4713177996081039,1.6621958893911448
grade,5a to 5c+,B1-LR[],14950,0.08040133779264214,0.4696311372156842,0.4713177996081039,1.6489605345346505
grade,5a to 5c+,B1-LR[climber],14950,0.08040133779264214,0.454706623524735,0.46380713325280726,1.5798234376032905
grade,5a to 5c+,B1-LR[route],14950,0.08040133779264214,0.4216923207339128,0.43161050197841594,1.4027386661837515
grade,5a to 5c+,B1-LR[setter],14950,0.08040133779264214,0.4385177046754473,0.45130802094122624,1.4996309842996394
grade,5a to 5c+,B1-LR[climber+route],14950,0.08040133779264214,0.41271092736484566,0.4233960486906116,1.3573823730595405
grade,5a to 5c+,B1-LR[climber+setter],14950,0.08040133779264214,0.43488845813142496,0.4456403457113735,1.4797645063039024
grade,5a to 5c+,B1-LR[route+setter],14950,0.08040133779264214,0.41728452248506326,0.42873384404558074,1.3875162330872206
grade,5a to 5c+,B1-LR,14950,0.08040133779264214,0.4114428785474699,0.42181325418327276,1.3541136009225612
grade,5a to 5c+,B1-RF,14950,0.08040133779264214,0.40759735629199223,0.4161454620644,1.3636101804268113
grade,5a to 5c+,B2-SVD,14950,0.08040133779264214,0.44877717431128233,0.458833165793326,1.5201061749866152
grade,5a to 5c+,B3-GBM,14950,0.08040133779264214,0.38523549111200567,0.3967592387201081,1.2631093821001538
grade,5a to 5c+,B3-GBM[-climber],14950,0.08040133779264214,0.3936919120536412,0.40467164331758376,1.3128574040024283
grade,5a to 5c+,PACE-GBM,14950,0.08040133779264214,0.38370761473235426,0.3948995802881724,1.259648990647897
grade,5a to 5c+,PACE-GBM[-climber],14950,0.08040133779264214,0.3941678890749426,0.4051827371920657,1.3135683056170713
grade,5a to 5c+,PACE,14950,0.08040133779264214,0.41454697163801496,0.4267791797023664,1.3674354619583686
grade,5a to 5c+,PACE-X,14950,0.08040133779264214,0.4090492785597112,0.4198263695886749,1.3347918486953692
grade,5a to 5c+,PACE[],14950,0.08040133779264214,0.4696160520993934,0.4713177996081039,1.6489070065169826
grade,5a to 5c+,PACE[climber],14950,0.08040133779264214,0.458795863661335,0.46632412974232107,1.5955164433606706
grade,5a to 5c+,PACE[route],14950,0.08040133779264214,0.4234866905733805,0.43707755524352754,1.4155882116143104
grade,5a to 5c+,PACE[env],14950,0.08040133779264214,0.45846930345570314,0.4671839782839491,1.5987514111356926
grade,5a to 5c+,PACE[climber+route],14950,0.08040133779264214,0.41641769774464826,0.43106774176840357,1.380140887271921
grade,5a to 5c+,PACE[climber+env],14950,0.08040133779264214,0.4539391098799101,0.46351860623685776,1.5703176794077234
grade,5a to 5c+,PACE[route+env],14950,0.08040133779264214,0.41976001495701654,0.43130043692260744,1.3950225376456546
grade,5a to 5c+,PACE-day,14950,0.08040133779264214,0.4177210937665484,0.4291237084928255,1.3795244871337309
grade,5a to 5c+,PACE-k4,14950,0.08040133779264214,0.4145858174051807,0.42260539244755563,1.3376057953700873
grade,5a to 5c+,PACE-sep,14950,0.08040133779264214,0.4169871107670735,0.4284997551151917,1.3457833408896418
grade,5a to 5c+,PACE-static,14950,0.08040133779264214,0.46010304548403536,0.4629410127336992,1.559507723970215
grade,5a to 5c+,PACE-noU,14950,0.08040133779264214,0.4206808515857006,0.4326166786376266,1.401917527782215
grade,5a to 5c+,PACE-G,14950,0.08040133779264214,0.41443138749367225,0.42724911470951804,1.3695821658161558
grade,5a to 5c+,PACE-G*,14950,0.08040133779264214,0.41443138749367225,0.42724911470951804,1.3695821658161558
grade,6a to 6b+,B0-official,26851,0.06949461844996462,0.38388645857803755,0.38388645857803755,1.4562207175202007
grade,6a to 6b+,B1-LR[],26851,0.06949461844996462,0.3834637968723337,0.38388645857803755,1.4539210033482168
grade,6a to 6b+,B1-LR[climber],26851,0.06949461844996462,0.37551055063427274,0.3807204310615417,1.411379438816534
grade,6a to 6b+,B1-LR[route],26851,0.06949461844996462,0.34439527658044417,0.35110237288142965,1.2518538416221203
grade,6a to 6b+,B1-LR[setter],26851,0.06949461844996462,0.36695546176646815,0.37246280213511235,1.3677126820100058
grade,6a to 6b+,B1-LR[climber+route],26851,0.06949461844996462,0.3393924817307194,0.34790562311503626,1.2255062945429478
grade,6a to 6b+,B1-LR[climber+setter],26851,0.06949461844996462,0.36388537989630354,0.370507866452521,1.3520871233896796
grade,6a to 6b+,B1-LR[route+setter],26851,0.06949461844996462,0.34307247665565793,0.3500932269950382,1.249922873126268
grade,6a to 6b+,B1-LR,26851,0.06949461844996462,0.3390480111668615,0.3477985587570263,1.2266648807461291
grade,6a to 6b+,B1-RF,26851,0.06949461844996462,0.3396904770990693,0.3483548150351865,1.2503641438047208
grade,6a to 6b+,B2-SVD,26851,0.06949461844996462,0.36686112109820923,0.3709397606578259,1.3419173482807933
grade,6a to 6b+,B3-GBM,26851,0.06949461844996462,0.3244176983876466,0.3350690561923269,1.1672192341451286
grade,6a to 6b+,B3-GBM[-climber],26851,0.06949461844996462,0.33115175440694306,0.33884857540619057,1.2102904160330952
grade,6a to 6b+,PACE-GBM,26851,0.06949461844996462,0.322637943934324,0.33181885468580674,1.159800822904213
grade,6a to 6b+,PACE-GBM[-climber],26851,0.06949461844996462,0.3300684382232886,0.33807887478964516,1.2044869338162472
grade,6a to 6b+,PACE,26851,0.06949461844996462,0.3362080489215462,0.34234827125723616,1.202712414862031
grade,6a to 6b+,PACE-X,26851,0.06949461844996462,0.33501736173009083,0.34185838557161624,1.1927447642445201
grade,6a to 6b+,PACE[],26851,0.06949461844996462,0.3834277353150868,0.38388645857803755,1.453767039995361
grade,6a to 6b+,PACE[climber],26851,0.06949461844996462,0.3697096545747683,0.37485488111089993,1.377616876709184
grade,6a to 6b+,PACE[route],26851,0.06949461844996462,0.3457060793207483,0.35168529171939183,1.2618344298833382
grade,6a to 6b+,PACE[env],26851,0.06949461844996462,0.3709668373499828,0.37455670669189206,1.3884427959648635
grade,6a to 6b+,PACE[climber+route],26851,0.06949461844996462,0.33813316500398255,0.34677979874596726,1.2174865159568626
grade,6a to 6b+,PACE[climber+env],26851,0.06949461844996462,0.3662173618270504,0.36879510847630664,1.3513340488381755
grade,6a to 6b+,PACE[route+env],26851,0.06949461844996462,0.3409194036125521,0.34817313997356836,1.2344035763376116
grade,6a to 6b+,PACE-day,26851,0.06949461844996462,0.3398808374726801,0.3467260968797922,1.2186031954465424
grade,6a to 6b+,PACE-k4,26851,0.06949461844996462,0.3376382283041964,0.3420217587640109,1.1754056402185284
grade,6a to 6b+,PACE-sep,26851,0.06949461844996462,0.3436186726104868,0.3495076528761796,1.1840187295060596
grade,6a to 6b+,PACE-static,26851,0.06949461844996462,0.38120669521288525,0.38135573932755534,1.4132825432591498
grade,6a to 6b+,PACE-noU,26851,0.06949461844996462,0.3432440938847414,0.35035907351143586,1.2465056040209908
grade,6a to 6b+,PACE-G,26851,0.06949461844996462,0.33645900021000885,0.34375957501366944,1.2071036642535098
grade,6a to 6b+,PACE-G*,26851,0.06949461844996462,0.33645900021000885,0.34375957501366944,1.2071036642535098
grade,6c to 7a+,B0-official,9208,0.10718940052128584,0.4690693597879956,0.4690693597879956,1.4327194085893906
grade,6c to 7a+,B1-LR[],9208,0.10718940052128584,0.4652135114182008,0.4690693597879956,1.4148205328012573
grade,6c to 7a+,B1-LR[climber],9208,0.10718940052128584,0.4583300217674095,0.46698098719103637,1.3812425767264187
grade,6c to 7a+,B1-LR[route],9208,0.10718940052128584,0.42085279227509625,0.4328245581936168,1.2338166017971584
grade,6c to 7a+,B1-LR[setter],9208,0.10718940052128584,0.4493707086704904,0.46148346149156266,1.3313255255179668
grade,6c to 7a+,B1-LR[climber+route],9208,0.10718940052128584,0.41672511840738996,0.43106459045812245,1.2129809003396237
grade,6c to 7a+,B1-LR[climber+setter],9208,0.10718940052128584,0.44665069182314454,0.4575840306339646,1.3190555450834534
grade,6c to 7a+,B1-LR[route+setter],9208,0.10718940052128584,0.42016127773854733,0.4313164541024329,1.2306410995919521
grade,6c to 7a+,B1-LR,9208,0.10718940052128584,0.41660484375837986,0.42980305836917054,1.2127668944317307
grade,6c to 7a+,B1-RF,9208,0.10718940052128584,0.41866420171769886,0.4296764338281644,1.242973354032745
grade,6c to 7a+,B2-SVD,9208,0.10718940052128584,0.4439870284584814,0.45302793069259445,1.314300645124564
grade,6c to 7a+,B3-GBM,9208,0.10718940052128584,0.39237066098545226,0.4063722315453437,1.1405833257399833
grade,6c to 7a+,B3-GBM[-climber],9208,0.10718940052128584,0.3994202665706395,0.4091159752338166,1.1791073339663813
grade,6c to 7a+,PACE-GBM,9208,0.10718940052128584,0.39179201883978604,0.40565052130036,1.1382115617681914
grade,6c to 7a+,PACE-GBM[-climber],9208,0.10718940052128584,0.39843852074967856,0.4094608089611639,1.1725262763498219
grade,6c to 7a+,PACE,9208,0.10718940052128584,0.4109152816338102,0.4236954219713481,1.187836142242507
grade,6c to 7a+,PACE-X,9208,0.10718940052128584,0.40981136853627664,0.42343902532337696,1.1774763461786588
grade,6c to 7a+,PACE[],9208,0.10718940052128584,0.4651669915480913,0.4690693597879956,1.414549300068387
grade,6c to 7a+,PACE[climber],9208,0.10718940052128584,0.44482533027378235,0.4500458515109397,1.3338351484580038
grade,6c to 7a+,PACE[route],9208,0.10718940052128584,0.4223907551912864,0.43244802523135506,1.2426629736045283
grade,6c to 7a+,PACE[env],9208,0.10718940052128584,0.44896121255770743,0.46136578114756294,1.3524392939141507
grade,6c to 7a+,PACE[climber+route],9208,0.10718940052128584,0.41358080270624564,0.42688738679869576,1.2024057837514472
grade,6c to 7a+,PACE[climber+env],9208,0.10718940052128584,0.4404637124741752,0.44774752411584356,1.3121211140289086
grade,6c to 7a+,PACE[route+env],9208,0.10718940052128584,0.4157165289852909,0.4282843148978131,1.2136503040868678
grade,6c to 7a+,PACE-day,9208,0.10718940052128584,0.4154731572882949,0.42676016659417226,1.2031207143469347
grade,6c to 7a+,PACE-k4,9208,0.10718940052128584,0.409957793095553,0.42420775035919983,1.1587218728887372
grade,6c to 7a+,PACE-sep,9208,0.10718940052128584,0.4122793885120514,0.4253582330363617,1.1625796101751875
grade,6c to 7a+,PACE-static,9208,0.10718940052128584,0.46398011207416795,0.46987899804764144,1.3852326935906814
grade,6c to 7a+,PACE-noU,9208,0.10718940052128584,0.41913823892935353,0.42904435864545626,1.2260737842630791
grade,6c to 7a+,PACE-G,9208,0.10718940052128584,0.4115881192054866,0.4243357358049718,1.191007174146734
grade,6c to 7a+,PACE-G*,9208,0.10718940052128584,0.4115881192054866,0.4243357358049718,1.191007174146734
grade,7b and up,B0-official,1129,0.1470327723649247,0.5907464764757858,0.5907464764757858,1.5406148045191617
grade,7b and up,B1-LR[],1129,0.1470327723649247,0.5789913737633361,0.5907464764757858,1.4967135177002644
grade,7b and up,B1-LR[climber],1129,0.1470327723649247,0.5652100160946067,0.5869861169616853,1.4569298491613023
grade,7b and up,B1-LR[route],1129,0.1470327723649247,0.5187079539925554,0.5315551994163655,1.327711123355188
grade,7b and up,B1-LR[setter],1129,0.1470327723649247,0.5316469729641313,0.5463462662933173,1.3511325314801501
grade,7b and up,B1-LR[climber+route],1129,0.1470327723649247,0.5099632119259218,0.5248476095840524,1.3025766480852679
grade,7b and up,B1-LR[climber+setter],1129,0.1470327723649247,0.5283663669053075,0.5471562686154734,1.3419418947034656
grade,7b and up,B1-LR[route+setter],1129,0.1470327723649247,0.5122810917841225,0.5273729534814743,1.307788145395873
grade,7b and up,B1-LR,1129,0.1470327723649247,0.5073179242907673,0.52146146062375,1.2941351368603335
grade,7b and up,B1-RF,1129,0.1470327723649247,0.5190779472687805,0.5363531685662046,1.323336697776714
grade,7b and up,B2-SVD,1129,0.1470327723649247,0.5446068508380197,0.5591652933214779,1.3944482701812937
grade,7b and up,B3-GBM,1129,0.1470327723649247,0.4613090541535249,0.4771093711452604,1.1459742449994121
grade,7b and up,B3-GBM[-climber],1129,0.1470327723649247,0.488045956466309,0.5013699576449546,1.2393790869407093
grade,7b and up,PACE-GBM,1129,0.1470327723649247,0.46067637893464014,0.46867998173880443,1.1504343866237527
grade,7b and up,PACE-GBM[-climber],1129,0.1470327723649247,0.4832073440841976,0.49657736131909613,1.2245065116170522
grade,7b and up,PACE,1129,0.1470327723649247,0.48868507167997427,0.5006638639790372,1.229930557484718
grade,7b and up,PACE-X,1129,0.1470327723649247,0.48500557095721714,0.4980030983003424,1.215154573545398
grade,7b and up,PACE[],1129,0.1470327723649247,0.5788423619800712,0.5907464764757858,1.4961025470177198
grade,7b and up,PACE[climber],1129,0.1470327723649247,0.5331596278736213,0.5543930362281314,1.361191130243464
grade,7b and up,PACE[route],1129,0.1470327723649247,0.5205880824805327,0.533218913028872,1.3311318550974554
grade,7b and up,PACE[env],1129,0.1470327723649247,0.5457740854475301,0.5685903193726766,1.4001153520008895
grade,7b and up,PACE[climber+route],1129,0.1470327723649247,0.49815271348933027,0.5128982930272403,1.260955209631571
grade,7b and up,PACE[climber+env],1129,0.1470327723649247,0.5190800494219928,0.5430941762921134,1.3175281795904963
grade,7b and up,PACE[route+env],1129,0.1470327723649247,0.5036080740599365,0.5180531792640748,1.2780192490953306
grade,7b and up,PACE-day,1129,0.1470327723649247,0.49891153468583055,0.5085626421862482,1.2570533613807677
grade,7b and up,PACE-k4,1129,0.1470327723649247,0.47420522772298457,0.487214748140923,1.170987343601511
grade,7b and up,PACE-sep,1129,0.1470327723649247,0.48149967930665694,0.49353661257696124,1.1905148419760234
grade,7b and up,PACE-static,1129,0.1470327723649247,0.5756399161472677,0.5907464764757858,1.4769658859674788
grade,7b and up,PACE-noU,1129,0.1470327723649247,0.5097609232229015,0.5248476095840524,1.2959291268323194
grade,7b and up,PACE-G,1129,0.1470327723649247,0.49054603900325244,0.5041897093998042,1.2333240453667111
grade,7b and up,PACE-G*,1129,0.1470327723649247,0.49054603900325244,0.5041897093998042,1.2333240453667111
