target,effect,n_logs,n_climbers,RMSE,RMSE_dis,lo,hi,diff_vs_none,diff_lo,diff_hi,median_source_logs
outdoor,own,4710,314,0.3146666539758301,1.1424167804047929,0.2679039950074998,0.36146386152483395,-0.0032445991892345316,-0.015086400474327641,0.004533951605275837,63.0
outdoor,none,4710,314,0.31791125316506463,1.2590984036945783,0.26680367183859094,0.37261138766380747,0.0,0.0,0.0,63.0
outdoor,other,4710,314,0.3201422578858246,1.226102610091275,0.27129181627035714,0.3721853942156554,0.002231004720759988,-0.0029250974245949397,0.008868190965218578,63.0
outdoor,pooled,4710,314,0.31191386236845603,1.1370079309298198,0.2668104756371094,0.3560744523022745,-0.005997390796608604,-0.017365240393393516,0.003222732482185449,63.0
outdoor,"other, scaled",4710,314,0.3168341775302403,1.242406752568357,0.2661813291962094,0.3706567553378483,-0.0010770756348243427,-0.00351417682110812,0.0013600916869106385,63.0
indoor,own,6514,338,0.40608518556736795,1.2392268928245636,0.36142109279602214,0.4496995029254089,-0.009804343853655362,-0.018982641883391792,-0.0015140485977486213,44.0
indoor,none,6514,338,0.41588952942102336,1.2918144835448075,0.36549498258816865,0.4664462153658234,0.0,0.0,0.0,44.0
indoor,other,6514,338,0.41687713548822836,1.2723883474833309,0.3696756832267436,0.46240898541958614,0.0009876060672049936,-0.005833257130974309,0.008502331367625656,44.0
indoor,pooled,6514,338,0.407964045104872,1.2435734304173383,0.36335294485004993,0.4515488013607175,-0.007925484316151366,-0.017335912566594985,0.0007932286749471414,44.0
indoor,"other, scaled",6514,338,0.41435256898420025,1.2825968415942404,0.3653694249135029,0.4628953450205909,-0.0015369604368231093,-0.004052334751989345,0.0008446240197573886,44.0
